name,country,emirate,city,channel_type,official_website,url_in_source_file,sale_method,sale_method_ar,sale_method_confirmed,seller_registration_url,supplier_or_partnership_url,accepted_categories,license_requirements,license_source,product_registration_requirements,product_reg_source,fees_commissions,fees_source,shipping_fulfilment,shipping_source,public_business_contact,site_title,http_status,uae_signal_on_site,verification_status,verification_note,evidence_level,beauty_signal,unsuitable_reason,tier_override,review_reason,review_source,review_date,classification_override,start_rank,start_reason,_batch,record_status,direct_registration_confirmed,priority,notes,claim_from_source_file,sources,_guessed,origin,verified_at,tier,tier_reason,classification,verified_actually,manual_review_needed,lvl1_discovered,lvl2_active_in_uae,lvl3_sells_beauty,lvl4_official_path,lvl5_lowes_eligibility_confirmed
"Amazon UAE","AE","الإمارات (توصيل وطني)","","Marketplace — self-service seller","https://sell.amazon.ae/","https://sell.amazon.ae/","direct_seller_registration","تسجيل مباشر كبائع Marketplace","true","https://sell.amazon.ae/","","الصفحة الرسمية: «Got a Dubai Trade Licence? You're eligible to sell on Amazon.ae» — الفئات المقبولة وموافقة فئة الجمال: غير منصوصة بالصفحة","الصفحة الرسمية تذكر رخصة تجارية من دبي كشرط أهلية؛ باقي المستندات (هوية، بنك) غير منصوصة بالصفحة التي قُرئت","https://sell.amazon.ae/","غير معروف","","عمولة الإحالة لفئة الجمال: 8% للمنتج بسعر 50 درهم أو أقل، و15% للأعلى من 50 (حد أدنى 1 درهم). حساب Professional بلا اشتراك شهري «لفترة محدودة». تخزين FBA 2 درهم/قدم مكعب/شهر. الأسعار بدون VAT","https://sell.amazon.ae/pricing","FBA متاح (رسوم التجهيز منشورة بالصفحة الرسمية بالدرهم حسب الوزن)","https://sell.amazon.ae/pricing","غير معروف","Amazon Seller Central UAE | Launch Ecommerce Business","200","true","verified_active_uae","الموقع يعمل ويظهر فيه ما يدل على الإمارات","official_page_fetched","false","","","","","","","1","أكبر سوق مفتوح للبائعين وبرسوم معلنة رسمياً. تنبيه: العناية الموضعية (Topicals) تتطلب موافقة فئة، والصفحة تقول «Dubai Trade Licence» ولا تذكر قبول رخصة المنطقة الحرة — يُتحقق من أهلية رخصة LOWE'S قبل إعلان الجاهزية.","51","verified","true","A","مسار التسجيل: sellercentral.amazon.ae (زر Create your Amazon seller account). المستندات الرسمية: بريد/حساب أمازون، هاتف، هوية وطنية (مثل الهوية الإماراتية)، كشف حساب بنكي/بطاقة/فاتورة خدمات حديثة، السجل التجاري (أو توكيل للممثل)، وحساب بنكي. الفئات: «Beauty» ضمن الفئات بلا قيود مع ملاحظة «topicals require approval»؛ و«Beauty Topicals» و«Health & Personal Care» و«Cosmetics & Skin/Hair Care» مقيّدة وتحيل لصفحات قيود منفصلة لم تُقرأ. أهلية رخصة المنطقة الحرة: غير منصوص. شروط الإدراج (GTIN/موافقات المنتج): غير منصوصة بالصفحة التي قُرئت.","ملاحظة ملف حسام: ابدئي بالتسجيل وإعداد كتالوج المنتجات؛ قد تطلب فئة التجميل مستندات إضافية.","https://sell.amazon.ae/ | https://sellercentral.amazon.ae/help/hub/reference/external/GXMJ38VA95GUN5XU | https://sellercentral.amazon.ae/gp/homepage.html?language=en_AE | https://sell.amazon.ae/sell","false","ملف حسام (51)","2026-10-09","A","تسجيل بائع مباشر موثّق من صفحة رسمية","تسجيل مباشر","true","false","true","true","true","true","false"
"noon UAE","AE","الإمارات (توصيل وطني)","","Marketplace — self-service seller","https://sell.noon.com/uae-en/getting-started","https://sell.noon.com/uae-en/getting-started","direct_seller_registration","تسجيل مباشر كبائع Marketplace","true","https://sell.noon.com/uae-en","","عناية بالشعر والعناية الشخصية، مكياج، عطور؛ العلامات المحمية تتطلب تفويض علامة + فاتورة موزع معتمد","Local Seller: رخصة سارية 15 يوماً+ تغطي التجارة/البيع/التصنيع أو رخصة تجارة إلكترونية؛ هوية إماراتية/جواز لصاحب الرخصة؛ VAT اختياري؛ بيانات بنك (متعارض) — نص رسمي عبر فهرس البحث","https://support.noon.partners/portal/en/kb/articles/documents-required-to-sell-on-noon","تفويض علامة/Whitelisting للعلامات المحمية؛ تسجيل المنتج التنظيمي غير منصوص للإمارات","https://helpcenter.noon.partners/en/category/product-listing/product-listing-policy","FBP الإمارات: عناية بالشعر والعناية الشخصية ومكياج 8% حتى 50 درهم و15% فوق 50؛ عطور 14%؛ حد أدنى 1 درهم — نص رسمي عبر فهرس البحث، يُؤكَّد بحساب البائع","https://support.noon.partners/portal/en/kb/articles/fulfilled-by-partner-fbp-fees-in-uae","غير معروف","","غير معروف","","0","false","unreachable","الموقع لم يستجب عند الفحص (قد يكون متوقفاً أو يحجب الطلبات الآلية)","official_page_via_search_index","false","","D","أكبر سوق إقليمي، لكن الموقع حجب الفحص الآلي (403/SSL) ولم أتجاوزه؛ مسار sell.noon.com/uae-en/getting-started مأخوذ من ملفك وتؤكده مصادر ثانوية فقط. يلزم فتحه يدوياً.","https://sell.noon.com/uae-en/getting-started","2026-10-09","تسجيل مباشر محتمل — غير موثّق رسمياً","2","أكبر سوق إماراتي مفتوح للبائعين حسب ملفك ومصادر ثانوية، لكن لم أستطع قراءة صفحته الرسمية (حجب آلي). افتح sell.noon.com يدوياً وتأكد من الفئة والعمولة والمستندات.","51","unreachable","false","A","الموقع يحجب الفحص الآلي (403) ولم يُتجاوز. أرقام عمولات noon المنشورة بمدونات (نطاق عريض) غير معتمدة. يلزم فتح صفحة التسجيل يدوياً للتأكيد.","ملاحظة ملف حسام: تسجيل بائع، رفع الرخصة والهوية وبيانات البنك؛ بعض الفئات تحتاج موافقة.","https://sell.noon.com/uae-en/getting-started","false","ملف حسام (51)","2026-10-09","D","أكبر سوق إقليمي، لكن الموقع حجب الفحص الآلي (403/SSL) ولم أتجاوزه؛ مسار sell.noon.com/uae-en/getting-started مأخوذ من ملفك وتؤكده مصادر ثانوية فقط. يلزم فتحه يدوياً.","تسجيل مباشر محتمل — غير موثّق رسمياً","false","true","true","false","false","true","false"
"Tradeling","AE","الإمارات (B2B)","","سوق B2B / جملة","https://www.tradeling.com/ae-en","https://www.tradeling.com/","direct_seller_registration","تسجيل مباشر كبائع Marketplace","true","https://www.tradeling.com/ae-en/page/become-a-seller","https://distribution.tradeling.com/","أمثلة الفئات بالصفحة الرسمية: هواتف، لابتوب، مياه، مشروبات، وجبات خفيفة، مستلزمات أطفال، طعام حيوانات — فئة التجميل/العناية غير مذكورة","غير منصوص بالصفحة (سؤال «How to get verified as a Seller» بلا إجابة)","https://www.tradeling.com/ae-en/page/become-a-seller","غير معروف","","الصفحة فيها عنوان «Commission structure» بلا أرقام. الدفع للبائع مرتين شهرياً","https://www.tradeling.com/ae-en/page/become-a-seller","Tradeling Logistics: استيراد/تصدير/جمارك/شحن/تخزين/توصيل أخير، وخدمة Exporter of Record","https://www.tradeling.com/ae-en/page/become-a-seller","support@tradeling.com","Online Shopping & Wholesale Marketplace in MENA | Tradeling","200","true","verified_active_uae","الموقع يعمل ويظهر فيه ما يدل على الإمارات","official_page_fetched","false","","","","","","","19","تسجيل بائع رسمي ومنصة B2B كبيرة (شراكة DET وغرف دبي 2026 بحسب مصدر ثانوي)، لكن فئات الصفحة الرسمية لا تشمل التجميل/العناية — يُسأل الدعم قبل الاستثمار بالتسجيل.","51","verified","true","B","الفئات الظاهرة: هواتف، لابتوب، مياه، مشروبات، وجبات خفيفة، مستلزمات أطفال، طعام حيوانات. العمولة: عنوان بلا أرقام. شروط التوثيق (Verified Seller): السؤال بلا إجابة بالصفحة. اللوجستيات: Tradeling Logistics + Exporter of Record.","ملاحظة ملف حسام: مناسب لفحص قناة بيع للشركات والمشترين التجاريين.","https://www.tradeling.com/ae-en | https://www.tradeling.com/ae-en/page/become-a-seller | https://www.tradeling.com/page/become-a-seller | https://distribution.tradeling.com/","false","ملف حسام (51)","2026-10-09","A","تسجيل بائع مباشر موثّق من صفحة رسمية","تسجيل مباشر","true","false","true","true","true","true","false"
"Begad","AE","الإمارات","","Marketplace / بوابة بائعين","https://www.begad.ae/ar/sell","https://www.begad.ae/ar/sell","direct_seller_registration","تسجيل مباشر كبائع Marketplace","true","https://www.begad.ae/ar/sell","","«سبع فئات» (الصفحة تذكر الإلكترونيات والأزياء والمنزل والجمال وغيرها دون تسميتها كاملة)","الصفحة الرسمية: رخصة تجارية + إثبات حساب بنكي + هوية حكومية (PDF/JPG/PNG حتى 20MB لكل ملف)","https://www.begad.ae/ar/sell","غير معروف","","«تسجيل مجاني»، وعمولة «نسبة ثابتة لكل فئة» — النسب غير معلنة. البائعون المؤسسون يحصلون على أدنى شريحة","https://www.begad.ae/ar/sell","غير معروف (الصفحة لا تذكر الشحن للبائع)","","sellers@begad.ae | +971 4 835 6358 | contact@begad.ae | support@begad.ae","Sell on Begad — Reach the whole UAE | Begad العربية","200","true","verified_active_uae","الموقع يعمل ويظهر فيه ما يدل على الإمارات","official_page_fetched","false","","","","","","","4","تسجيل بائع مجاني ومراجعة سريعة حسب موقعهم، لكن حجم المنصة غير معروف، وعمولة الفئة غير معلنة. «الجمال» مذكور كفئة شائعة؛ العناية بالبشرة تحديداً غير منصوص.","51","verified","true","A","رخصة تجارية + إثبات حساب بنكي + هوية حكومية (PDF/JPG/PNG حتى 20MB). أهلية المنطقة الحرة وشروط الإدراج وتسجيل المنتج: غير منصوصة. التواصل: sellers@begad.ae.","ملاحظة ملف حسام: تحققي من الرسوم والعمولات وتغطية فئة العناية بالبشرة.","https://www.begad.ae/ar/sell | https://www.begad.ae/ar/checkout | https://www.begad.ae/ar/vendor-left-sidebar-marketplace | https://www.begad.ae/ar/vendor-dashboard","false","ملف حسام (51)","2026-10-09","A","تسجيل بائع مباشر موثّق من صفحة رسمية","تسجيل مباشر","true","false","true","true","true","true","false"
"Carrefour UAE","AE","الإمارات (على مستوى الدولة)","","تجارة إلكترونية / شراكة توريد","https://www.carrefouruae.com/","https://www.carrefouruae.com/","supplier_or_brand_application","تقديم كمورد / علامة تجارية","true","","https://www.majidalfuttaim.com/en/what-we-do/partner-with-us","غير معروف","غير معروف","","غير معروف","","غير معروف","","غير معروف","","غير معروف","","200","false","active_uae_unconfirmed","الموقع يعمل لكن لم يظهر ما يدل على الإمارات بالصفحة الرئيسية","parent_group_page_fetched","false","","C","الموقع يعمل ولا يملك صفحة موردين ظاهرة؛ المجموعة (Majid Al Futtaim) لديها صفحة «Partner with us» عامة. ذُكر رابط marketplace.carrefouruae.com/seller/register بأدلة طرف ثالث وصفحته تحمّل لكن محتواها لم يُتحقق منه.","https://www.majidalfuttaim.com/en/what-we-do/partner-with-us","2026-10-09","","0","","51","needs_review","false","C","كارفور تشغّلها ماجد الفطيم؛ الصفحة المرتبطة تخص المجموعة وليست نموذج توريد لكارفور بعينها. لا تسجيل بائع ذاتي مؤكد.","ملاحظة ملف حسام: اعتبريه قناة توريد لا منصة بائع مفتوحة حتى يؤكدوا خلاف ذلك.","https://www.carrefouruae.com/","false","ملف حسام (51)","2026-10-09","C","الموقع يعمل ولا يملك صفحة موردين ظاهرة؛ المجموعة (Majid Al Futtaim) لديها صفحة «Partner with us» عامة. ذُكر رابط marketplace.carrefouruae.com/seller/register بأدلة طرف ثالث وصفحته تحمّل لكن محتواها لم يُتحقق منه.","تقديم مورد","false","false","true","false","false","false","false"
"Lulu Hypermarket UAE","AE","الإمارات (على مستوى الدولة)","","تجارة إلكترونية / توريد تجزئة","https://www.luluhypermarket.com/en-ae/","https://www.luluhypermarket.com/en-ae/","independent_multibrand_store","متجر مستقل متعدد العلامات (اتفاق مورد غير مؤكد)","false","","","غير معروف","غير معروف","","غير معروف","","غير معروف","","غير معروف","","غير معروف","Attention Required! | Cloudflare","403","true","protected_not_verified","الموقع يحجب الفحص الآلي (403/429/تحقق أمني) — لم يُتجاوز. الحالة غير مؤكدة","file_claim_only","false","","C","سلسلة كبرى تبيع العناية الشخصية؛ الموقع يحجب الفحص (403). صفحة Sourcing للمجموعة (luluretail.com/global-operations/sourcing) تظهر بنتائج البحث وتحجب الفحص أيضاً — لا مسار موردين مؤكد.","https://www.luluretail.com/global-operations/sourcing/","2026-10-09","","0","","51","needs_review","false","C","","ملاحظة ملف حسام: يحتاج موافقة تجارية وإدراج من فريق المشتريات.","https://www.luluhypermarket.com/en-ae/","false","ملف حسام (51)","2026-10-09","C","سلسلة كبرى تبيع العناية الشخصية؛ الموقع يحجب الفحص (403). صفحة Sourcing للمجموعة (luluretail.com/global-operations/sourcing) تظهر بنتائج البحث وتحجب الفحص أيضاً — لا مسار موردين مؤكد.","اتفاق توريد محتمل","false","false","true","false","false","false","false"
"Sharaf DG","AE","الإمارات (على مستوى الدولة)","","Marketplace/تجزئة عامة","https://uae.sharafdg.com/","https://uae.sharafdg.com/","independent_multibrand_store","متجر مستقل متعدد العلامات (اتفاق مورد غير مؤكد)","false","","","غير معروف","غير معروف","","غير معروف","","غير معروف","","غير معروف","","غير معروف","Just a moment...","403","true","protected_not_verified","الموقع يحجب الفحص الآلي (403/429/تحقق أمني) — لم يُتجاوز. الحالة غير مؤكدة","file_claim_only","false","","E","متجر إلكترونيات؛ لا دليل على فئة تجميل. بوابة DG Business (business.sharafdg.com) موجهة للمشترين التجاريين وتحجب الفحص.","https://business.sharafdg.com/contact-us/","2026-10-09","","0","","51","needs_review","false","D","","ملاحظة ملف حسام: ملاءمته لمستحضرات LOWE’S محدودة وغير مؤكدة.","https://uae.sharafdg.com/","false","ملف حسام (51)","2026-10-09","E","متجر إلكترونيات؛ لا دليل على فئة تجميل. بوابة DG Business (business.sharafdg.com) موجهة للمشترين التجاريين وتحجب الفحص.","غير مناسبة","false","false","true","false","false","false","false"
"Namshi","AE","الإمارات (على مستوى الدولة)","","تجزئة أونلاين للأزياء والجمال","https://www.namshi.com/uae-en/","https://www.namshi.com/uae-en/","independent_multibrand_store","متجر مستقل متعدد العلامات (اتفاق مورد غير مؤكد)","false","","","غير معروف","غير معروف","","غير معروف","","غير معروف","","غير معروف","","غير معروف","","0","false","unreachable","الموقع لم يستجب عند الفحص (قد يكون متوقفاً أو يحجب الطلبات الآلية)","file_claim_only","false","","C","متجر أزياء وجمال (تابع لـnoon) وصفحة العناية بالبشرة ظاهرة بنتائج البحث (namshi.com/uae-ar/women-beauty-skincare). الموقع لم يستجب آلياً؛ مسار الموردين غير منشور (يُدمج مع البائعين عبر مُكامِلات حسب مصدر ثانوي).","https://www.namshi.com/uae-ar/women-beauty-skincare/","2026-10-09","","0","","51","unreachable","false","C","","ملاحظة ملف حسام: تأكد من قبول منتجات التجميل ومن نموذج الشراكة الحالي.","https://www.namshi.com/uae-en/","false","ملف حسام (51)","2026-10-09","C","متجر أزياء وجمال (تابع لـnoon) وصفحة العناية بالبشرة ظاهرة بنتائج البحث (namshi.com/uae-ar/women-beauty-skincare). الموقع لم يستجب آلياً؛ مسار الموردين غير منشور (يُدمج مع البائعين عبر مُكامِلات حسب مصدر ثانوي).","اتفاق توريد محتمل","false","false","true","false","false","false","false"
"Ounass","AE","الإمارات (على مستوى الدولة)","","تجزئة فاخرة أونلاين","https://www.ounass.ae/","https://www.ounass.ae/","independent_multibrand_store","متجر مستقل متعدد العلامات (اتفاق مورد غير مؤكد)","false","","","غير معروف","غير معروف","","غير معروف","","غير معروف","","غير معروف","","غير معروف","Just a moment...","403","false","protected_not_verified","الموقع يحجب الفحص الآلي (403/429/تحقق أمني) — لم يُتجاوز. الحالة غير مؤكدة","file_claim_only","false","","D","منصة فاخرة (Al Tayer) تحجب الفحص (403)؛ التموضع الفاخر قد لا يناسب LOWE'S. لا مسار موردين منشور.","نتيجة بحث عام 9/10/2026","2026-10-09","","0","","51","needs_review","false","D","","ملاحظة ملف حسام: مناسب فقط إذا كانت العلامة والتسعير والتموضع متوافقين.","https://www.ounass.ae/","false","ملف حسام (51)","2026-10-09","D","منصة فاخرة (Al Tayer) تحجب الفحص (403)؛ التموضع الفاخر قد لا يناسب LOWE'S. لا مسار موردين منشور.","غير مؤكدة","false","true","true","false","false","false","false"
"Bloomingdale's UAE","AE","الإمارات (على مستوى الدولة)","","تجزئة فاخرة أونلاين","https://bloomingdales.ae/","https://www.bloomingdales.ae/","independent_multibrand_store","متجر مستقل متعدد العلامات (اتفاق مورد غير مؤكد)","false","","","غير معروف","غير معروف","","غير معروف","","غير معروف","","غير معروف","","غير معروف","Bloomingdale's UAE | Shop Luxury Fashion, Beauty & More","200","true","verified_active_uae","الموقع يعمل ويظهر فيه ما يدل على الإمارات","site_active_no_program_page_confirmed","true","","","","","","","0","","51","needs_review","false","C","","ملاحظة ملف حسام: لا توجد هنا إثباتات لقبول بائعين مستقلين.","https://bloomingdales.ae/","false","ملف حسام (51)","2026-10-09","C","متجر/صيدلية فعّال — يحتاج اتفاق مورد (غير مؤكد)","اتفاق توريد محتمل","true","false","true","true","true","false","false"
"Galeries Lafayette Dubai","AE","الإمارات (على مستوى الدولة)","","متجر فاخر أونلاين","https://www.galerieslafayette.ae/","https://www.galerieslafayette.ae/","independent_multibrand_store","متجر مستقل متعدد العلامات (اتفاق مورد غير مؤكد)","false","","","غير معروف","غير معروف","","غير معروف","","غير معروف","","غير معروف","","غير معروف","Just a moment...","403","false","protected_not_verified","الموقع يحجب الفحص الآلي (403/429/تحقق أمني) — لم يُتجاوز. الحالة غير مؤكدة","file_claim_only","false","","D","متجر فاخر يحجب الفحص (403)؛ لا دليل على فئة العناية بالبشرة أو مسار موردين.","نتيجة بحث عام 9/10/2026","2026-10-09","","0","","51","needs_review","false","D","","ملاحظة ملف حسام: تحققي من الموقع ونموذج إدراج العلامات قبل تجهيز الطلب.","https://www.galerieslafayette.ae/","false","ملف حسام (51)","2026-10-09","D","متجر فاخر يحجب الفحص (403)؛ لا دليل على فئة العناية بالبشرة أو مسار موردين.","غير مؤكدة","false","true","true","false","false","false","false"
"Mumzworld","AE","الإمارات (والخليج)","","بوابة تسجيل مورد","https://landing.seller.mumzworld.com/sell","https://landing.seller.mumzworld.com/sell","supplier_or_brand_application","تقديم كمورد / علامة تجارية","true","","https://landing.seller.mumzworld.com/sell","حقل «Categories» إلزامي بالنموذج لكن الفئات المقبولة غير مذكورة. المنصة متخصصة بالأم والطفل","النموذج يطلب رفع مستندات (النوع غير محدد بالصفحة)","https://landing.seller.mumzworld.com/sell","غير معروف","","غير معلن بالصفحة","","غير معروف","","غير معروف","Sell With Mumzworld - Mumzworld Seller Center","200","false","active_uae_unconfirmed","الموقع يعمل لكن لم يظهر ما يدل على الإمارات بالصفحة الرئيسية","official_page_fetched","false","","C","نموذج تقديم علامات رسمي (مراجعة ~7 أيام)، لكن تخصص المنصة أم/طفل؛ الفئات المقبولة غير مذكورة.","https://landing.seller.mumzworld.com/sell","2026-10-09","تقديم مورد (ملاءمة ضعيفة)","0","","51","needs_review","false","C","نموذج تقديم علامة تجارية ومراجعة ~7 أيام. ملاءمة LOWE'S ضعيفة ما لم يوجد خط عناية بالأم/الطفل.","ملاحظة ملف حسام: رابط تقديم مباشر؛ مناسب فقط للفئات التي تخدم جمهورهم.","https://landing.seller.mumzworld.com/sell | https://landing.seller.mumzworld.com/sell?lang=ar","false","ملف حسام (51)","2026-10-09","C","نموذج تقديم علامات رسمي (مراجعة ~7 أيام)، لكن تخصص المنصة أم/طفل؛ الفئات المقبولة غير مذكورة.","تقديم مورد (ملاءمة ضعيفة)","true","false","true","true","true","true","false"
"Watsons UAE","AE","الإمارات (على مستوى الدولة)","","متجر تجميل متعدد العلامات","https://www.watsons.ae/","https://www.watsons.ae/","independent_multibrand_store","متجر مستقل متعدد العلامات (اتفاق مورد غير مؤكد)","false","","","غير معروف","غير معروف","","غير معروف","","غير معروف","","غير معروف","","غير معروف","Watsons UAE | Shop All Beauty & Personal Care Products Online","200","true","verified_active_uae","الموقع يعمل ويظهر فيه ما يدل على الإمارات","site_active_no_program_page_confirmed","true","","","","","","","14","سلسلة تجميل وصحة بقسم ديرما؛ التوريد عبر Al-Futtaim (مصدر ثانوي). لا مسار موردين منشور.","51","needs_review","false","B","موقع يعمل. لا تسجيل بائع؛ توريد عبر المشتريات. صفحة الموردين: لم تظهر.","ملاحظة ملف حسام: تحتاج موافقة المشتريات وإثباتات المنتجات.","https://www.watsons.ae/","false","ملف حسام (51)","2026-10-09","C","متجر/صيدلية فعّال — يحتاج اتفاق مورد (غير مؤكد)","اتفاق توريد محتمل","true","false","true","true","true","false","false"
"Faces UAE","AE","الإمارات (على مستوى الدولة)","","متجر تجميل متعدد العلامات","https://www.faces.ae/en","https://www.faces.ae/en","independent_multibrand_store","متجر مستقل متعدد العلامات (اتفاق مورد غير مؤكد)","false","","https://www.faces.ae/en/partnerwithfaces.html","غير معروف","غير معروف","","غير معروف","","غير معروف","","غير معروف","","support@faces.com | 800 965 664","Shop for Perfume, Makeup, Skin Care & Cosmetics | FACES UAE","200","true","verified_active_uae","الموقع يعمل ويظهر فيه ما يدل على الإمارات","site_active_no_program_page_confirmed","true","","","","","","","12","متجر تجميل متعدد العلامات (Chalhoub) بقسم ديرما. لا مسار موردين منشور؛ القبول انتقائي.","51","needs_review","false","B","رابط «Partner with Faces» رسمي بالتذييل («Join us as a partner and showcase your products in our curated assortment»)؛ محتوى الصفحة لم يُقرأ آلياً — يُفتح يدوياً.","ملاحظة ملف حسام: قد يناسب منتجات العناية والجمال؛ القبول غير مؤكد.","https://www.faces.ae/en | https://www.faces.ae/en/best-selling-skincare | https://www.faces.ae/en/best-selling-makeup | https://www.faces.ae/en/best-selling-haircare | https://www.faces.ae/en/best-selling-bodycare","false","ملف حسام (51)","2026-10-09","C","متجر/صيدلية فعّال — يحتاج اتفاق مورد (غير مؤكد)","اتفاق توريد محتمل","true","false","true","true","true","false","false"
"Sephora UAE","AE","الإمارات (على مستوى الدولة)","","متجر تجميل متعدد العلامات","https://www.sephora.ae/","https://www.sephora.ae/","independent_multibrand_store","متجر مستقل متعدد العلامات (اتفاق مورد غير مؤكد)","false","","","غير معروف","غير معروف","","غير معروف","","غير معروف","","غير معروف","","غير معروف","Access Denied","403","false","protected_not_verified","الموقع يحجب الفحص الآلي (403/429/تحقق أمني) — لم يُتجاوز. الحالة غير مؤكدة","file_claim_only","false","","C","متجر تجميل متعدد العلامات؛ الموقع يحجب الفحص (403). صفحة About لا تذكر كيف تتقدم علامة جديدة. لا مسار موردين منشور.","https://sephora.ae/en/about-us","2026-10-09","","15","سلسلة تجميل مرموقة، لكن لا مسار موردين منشور والمعايير على الأغلب عالية؛ تُقاس بعد منصات التسجيل المباشر.","51","needs_review","false","B","","ملاحظة ملف حسام: معايير انتقاء العلامات قد تكون عالية؛ لا يعتبر تسجيل بائع مباشر.","https://www.sephora.ae/","false","ملف حسام (51)","2026-10-09","C","متجر تجميل متعدد العلامات؛ الموقع يحجب الفحص (403). صفحة About لا تذكر كيف تتقدم علامة جديدة. لا مسار موردين منشور.","اتفاق توريد محتمل","false","false","true","false","false","false","false"
"Areej","AE","الإمارات (على مستوى الدولة)","","متجر تجميل","https://www.areej.ae/","https://www.areej.ae/","independent_multibrand_store","متجر مستقل متعدد العلامات (اتفاق مورد غير مؤكد)","false","","","غير معروف","غير معروف","","غير معروف","","غير معروف","","غير معروف","","غير معروف","Areej","200","true","verified_active_uae","الموقع يعمل ويظهر فيه ما يدل على الإمارات","site_active_no_program_page_confirmed","true","","","","","","","0","","51","needs_review","false","C","","ملاحظة ملف حسام: تحققي من الفئات الحالية وإمكانية إدراج علامة جديدة.","https://www.areej.ae/","false","ملف حسام (51)","2026-10-09","C","متجر/صيدلية فعّال — يحتاج اتفاق مورد (غير مؤكد)","اتفاق توريد محتمل","true","false","true","true","true","false","false"
"BeautyZone UAE","AE","الإمارات (على مستوى الدولة)","","متجر تجميل أونلاين","https://www.beautyzone.ae/","https://www.beautyzone.ae/","independent_multibrand_store","متجر مستقل متعدد العلامات (اتفاق مورد غير مؤكد)","false","","","غير معروف","غير معروف","","غير معروف","","غير معروف","","غير معروف","","غير معروف","BeautyZone","200","true","verified_active_uae","الموقع يعمل ويظهر فيه ما يدل على الإمارات","site_active_no_program_page_confirmed","true","","","","","","","0","","51","needs_review","false","C","","ملاحظة ملف حسام: متجر متعدد العلامات؛ القبول وشروط الموردين غير معلنة هنا.","https://www.beautyzone.ae/","false","ملف حسام (51)","2026-10-09","C","متجر/صيدلية فعّال — يحتاج اتفاق مورد (غير مؤكد)","اتفاق توريد محتمل","true","false","true","true","true","false","false"
"Emiraa","AE","الإمارات (على مستوى الدولة)","","متجر تجميل أونلاين","https://www.emiraa.com/","https://www.emiraa.com/","independent_multibrand_store","متجر مستقل متعدد العلامات (اتفاق مورد غير مؤكد)","false","","","غير معروف","غير معروف","","غير معروف","","غير معروف","","غير معروف","","support@emiraa.com","Emiraa Dubai | Online Beauty, Skincare & Makeup Store UAE","200","true","verified_active_uae","الموقع يعمل ويظهر فيه ما يدل على الإمارات","site_active_no_program_page_confirmed","true","","","","","","","0","","51","needs_review","false","C","","ملاحظة ملف حسام: مناسب لفحص فرص العناية والتجميل.","https://www.emiraa.com/","false","ملف حسام (51)","2026-10-09","C","متجر/صيدلية فعّال — يحتاج اتفاق مورد (غير مؤكد)","اتفاق توريد محتمل","true","false","true","true","true","false","false"
"Rover Island","AE","الإمارات (على مستوى الدولة)","","متجر تجميل أونلاين","https://www.roverisland.com/","https://www.roverisland.com/","independent_multibrand_store","متجر مستقل متعدد العلامات (اتفاق مورد غير مؤكد)","false","","","غير معروف","غير معروف","","غير معروف","","غير معروف","","غير معروف","","support@roverisland.com","Rover Island: Official Store for Skincare, K-Beauty & Cosmetics in UAE","200","true","verified_active_uae","الموقع يعمل ويظهر فيه ما يدل على الإمارات","site_active_no_program_page_confirmed","true","","","","","","","0","","51","needs_review","false","C","","ملاحظة ملف حسام: متجر متخصص؛ يلزم سؤالهم عن onboarding للعلامات.","https://www.roverisland.com/ | https://www.roverisland.com/products/foodology-coleology-cutting-powder-10-sticks-10-day-supply","false","ملف حسام (51)","2026-10-09","C","متجر/صيدلية فعّال — يحتاج اتفاق مورد (غير مؤكد)","اتفاق توريد محتمل","true","false","true","true","true","false","false"
"Glowy","AE","الإمارات (على مستوى الدولة)","","متجر تجميل أونلاين","https://www.glowy.ae/","https://www.glowy.ae/","independent_multibrand_store","متجر مستقل متعدد العلامات (اتفاق مورد غير مؤكد)","false","","","غير معروف","غير معروف","","غير معروف","","غير معروف","","غير معروف","","support@glowy.ae","Codazon Home Page","200","true","verified_active_uae","الموقع يعمل ويظهر فيه ما يدل على الإمارات","site_active_no_program_page_confirmed","false","","D","عنوان الصفحة الرئيسية «Codazon Home Page» أي قالب تجريبي — لا دليل على متجر فعّال حالياً.","https://glowy.ae/","2026-10-09","","0","","51","needs_review","false","D","","ملاحظة ملف حسام: تأكدي من المتطلبات الحالية من صفحة التواصل الرسمية.","https://www.glowy.ae/","false","ملف حسام (51)","2026-10-09","D","عنوان الصفحة الرئيسية «Codazon Home Page» أي قالب تجريبي — لا دليل على متجر فعّال حالياً.","غير مؤكدة","true","true","true","true","false","false","false"
"Shop @ Crown","AE","الإمارات (على مستوى الدولة)","","متجر تجميل أونلاين","https://shop.crowncorporategroup.com/","https://shop.crowncorporategroup.com/","independent_multibrand_store","متجر مستقل متعدد العلامات (اتفاق مورد غير مؤكد)","false","","","غير معروف","غير معروف","","غير معروف","","غير معروف","","غير معروف","","support@crowncorporategroup.com","Beauty & Skincare, Delivered Across the UAE — shop @ crown","200","true","verified_active_uae","الموقع يعمل ويظهر فيه ما يدل على الإمارات","site_active_no_program_page_confirmed","true","","","","","","","0","","51","needs_review","false","C","","ملاحظة ملف حسام: قد يكون مسار توريد، يلزم تأكيد مباشر.","https://shop.crowncorporategroup.com/","false","ملف حسام (51)","2026-10-09","C","متجر/صيدلية فعّال — يحتاج اتفاق مورد (غير مؤكد)","اتفاق توريد محتمل","true","false","true","true","true","false","false"
"LOOKFANTASTIC UAE","AE","الإمارات (نسخة Arabia)","","متجر تجميل أونلاين","https://www.lookfantastic.ae/","https://www.lookfantastic.ae/","supplier_or_brand_application","تقديم كمورد / علامة تجارية","true","","https://www.lookfantastic.ae/c/info/partnerships-suppliers/","جمال: عناية بشرة/شعر/عطور/مكياج (بحسب الموقع)","غير منصوص","","غير معروف","","غير معلن","","غير معروف","","partnerships@thehutgroup.com","LOOKFANTASTIC UAE - Beauty, Cosmetics, Fragrance & Haircare","200","true","verified_active_uae","الموقع يعمل ويظهر فيه ما يدل على الإمارات","official_page_fetched","true","","","","","","","6","صفحة موردين رسمية على الموقع الإماراتي (بريد شراكات عام). متجر جمال أونلاين بتغطية إماراتية، لكن لا نموذج ولا شروط منشورة والعلامات المقبولة غير معروفة.","51","verified","false","B","الصفحة الرسمية تدعو الموردين للتواصل بالبريد. لا نموذج ولا شروط منشورة. شُمل نسخة .com ضمن هذه الجهة.","ملاحظة ملف حسام: تحققي من صلاحية قناة الشراكة وشروط السوق الإماراتي.","https://www.lookfantastic.ae/ | https://www.lookfantastic.ae/c/info/partnerships-suppliers/ | https://www.lookfantastic.ae/c/team-fantastic/ | https://www.lookfantastic.ae/c/info/affiliates/","false","ملف حسام (51)","2026-10-09","C","مسار مورد/علامة رسمي أو شراكة — القبول غير مؤكد","تقديم مورد","true","false","true","true","true","true","false"
"K-Beauty Arabia","AE","الإمارات (على مستوى الدولة)","","متجر/موزع تجميل كوري","https://kbeautyarabia.com/","https://kbeautyarabia.com/","independent_multibrand_store","متجر مستقل متعدد العلامات (اتفاق مورد غير مؤكد)","false","","","غير معروف","غير معروف","","غير معروف","","غير معروف","","غير معروف","","hello@kbeautyarabia.com","K-Beauty Arabia- Your Destination for Authentic Korean Beauty Products","200","true","verified_active_uae","الموقع يعمل ويظهر فيه ما يدل على الإمارات","site_active_no_program_page_confirmed","true","","","","","","","0","","51","needs_review","false","C","","ملاحظة ملف حسام: فحص ملاءمة التوزيع والبيع بالجملة.","https://kbeautyarabia.com/","false","ملف حسام (51)","2026-10-09","C","متجر/صيدلية فعّال — يحتاج اتفاق مورد (غير مؤكد)","اتفاق توريد محتمل","true","false","true","true","true","false","false"
"BinSina Pharmacy","AE","الإمارات (على مستوى الدولة)","","صيدلية أونلاين","https://www.binsina.ae/","https://www.binsina.ae/","independent_multibrand_store","متجر مستقل متعدد العلامات (اتفاق مورد غير مؤكد)","false","","","غير معروف","غير معروف","","غير معروف","","غير معروف","","غير معروف","","غير معروف","405 Not allowed!","405","false","unreachable","HTTP 405","file_claim_only","true","","C","سلسلة صيدليات كبيرة (90+ فرعاً بحسب موقعها، مصدر ثانوي) تظهر على talabat بأقسام عناية؛ الموقع يرفض الطلبات الآلية (405). لا صفحة موردين.","https://www.binsina.ae/en/about-us-mobile","2026-10-09","","0","","51","unreachable","false","C","","ملاحظة ملف حسام: مناسب لفحص قناة صيدلانية؛ قبول العلامة غير مؤكد.","https://www.binsina.ae/","false","ملف حسام (51)","2026-10-09","C","سلسلة صيدليات كبيرة (90+ فرعاً بحسب موقعها، مصدر ثانوي) تظهر على talabat بأقسام عناية؛ الموقع يرفض الطلبات الآلية (405). لا صفحة موردين.","اتفاق توريد محتمل","false","false","true","false","false","false","false"
"myAster","AE","الإمارات (على مستوى الدولة)","","صيدلية أونلاين","https://www.myaster.com/en","https://www.myaster.com/","independent_multibrand_store","متجر مستقل متعدد العلامات (اتفاق مورد غير مؤكد)","false","","","غير معروف","غير معروف","","غير معروف","","غير معروف","","غير معروف","","غير معروف","myAster UAE: Online Pharmacy - Appointment - Consult Doctors","200","true","verified_active_uae","الموقع يعمل ويظهر فيه ما يدل على الإمارات","site_active_no_program_page_confirmed","true","","","","","","","13","صيدلية أونلاين بقسم عناية بالبشرة ضخم (آلاف المنتجات) وإضافة K-beauty. لا مسار موردين منشور.","51","needs_review","false","B","","ملاحظة ملف حسام: مناسب لفئات العناية؛ يلزم موافقة المورد.","https://www.myaster.com/en","false","ملف حسام (51)","2026-10-09","C","متجر/صيدلية فعّال — يحتاج اتفاق مورد (غير مؤكد)","اتفاق توريد محتمل","true","false","true","true","true","false","false"
"Life Pharmacy","AE","الإمارات (على مستوى الدولة)","","صيدلية أونلاين","https://www.lifepharmacy.com/","https://www.lifepharmacy.com/","independent_multibrand_store","متجر مستقل متعدد العلامات (اتفاق مورد غير مؤكد)","false","","","غير معروف","غير معروف","","غير معروف","","غير معروف","","غير معروف","","043441122 | care@lifepharmacy.com (خدمة عملاء) | care@lifepharmacy.com","Life Pharmacy UAE - Online Pharmacy Delivery in 30 minutes","200","true","verified_active_uae","الموقع يعمل ويظهر فيه ما يدل على الإمارات","site_active_no_program_page_confirmed","true","","","","","","","11","أكبر شبكة صيدليات (400+ فرع) وشراكة ديرما مع Faces. لا صفحة موردين منشورة؛ التواصل عبر فريق المشتريات.","51","needs_review","false","B","لا صفحة موردين منشورة — تحتاج تواصلاً تجارياً.","ملاحظة ملف حسام: شبكة صيدليات؛ تحتاج اتفاق توريد.","https://www.lifepharmacy.com/","false","ملف حسام (51)","2026-10-09","C","متجر/صيدلية فعّال — يحتاج اتفاق مورد (غير مؤكد)","اتفاق توريد محتمل","true","false","true","true","true","false","false"
"Chemist Warehouse UAE","AE","الإمارات (على مستوى الدولة)","","صيدلية أونلاين","https://www.chemistwarehouse.ae/","https://www.chemistwarehouse.ae/","independent_multibrand_store","متجر مستقل متعدد العلامات (اتفاق مورد غير مؤكد)","false","","","غير معروف","غير معروف","","غير معروف","","غير معروف","","غير معروف","","غير معروف","Chemist Warehouse UAE Online Pharmacy | Health, Beauty & Wellness Deal","200","true","verified_active_uae","الموقع يعمل ويظهر فيه ما يدل على الإمارات","site_active_no_program_page_confirmed","true","","","","","","","0","","51","needs_review","false","C","","ملاحظة ملف حسام: تأكيد شروط الموردين والتسجيل.","https://www.chemistwarehouse.ae/","false","ملف حسام (51)","2026-10-09","C","متجر/صيدلية فعّال — يحتاج اتفاق مورد (غير مؤكد)","اتفاق توريد محتمل","true","false","true","true","true","false","false"
"Boots UAE","AE","الإمارات (على مستوى الدولة)","","صيدلية ومتجر تجميل","https://ae.boots.com/en/","https://ae.boots.com/en/","independent_multibrand_store","متجر مستقل متعدد العلامات (اتفاق مورد غير مؤكد)","false","","","غير معروف","غير معروف","","غير معروف","","غير معروف","","غير معروف","","غير معروف","Shop beauty and healthcare products online | Boots UAE","200","true","verified_active_uae","الموقع يعمل ويظهر فيه ما يدل على الإمارات","site_active_no_program_page_confirmed","true","","","","","","","16","صيدلية وجمال دولية. لا مسار موردين منشور.","51","needs_review","false","B","","ملاحظة ملف حسام: تحتاج موافقة تجارية وإدراج المنتج.","https://ae.boots.com/en/","false","ملف حسام (51)","2026-10-09","C","متجر/صيدلية فعّال — يحتاج اتفاق مورد (غير مؤكد)","اتفاق توريد محتمل","true","false","true","true","true","false","false"
"Supercare Pharmacy","AE","الإمارات (على مستوى الدولة)","","صيدلية أونلاين","https://www.super-care.ae/","https://www.super-care.ae/","independent_multibrand_store","متجر مستقل متعدد العلامات (اتفاق مورد غير مؤكد)","false","","","غير معروف","غير معروف","","غير معروف","","غير معروف","","غير معروف","","غير معروف","Homepage - Supercare Pharmacy","200","true","verified_active_uae","الموقع يعمل ويظهر فيه ما يدل على الإمارات","site_active_no_program_page_confirmed","true","","","","","","","0","","51","needs_review","false","C","","ملاحظة ملف حسام: تحقق من نشاط المتجر وقناة الموردين الحالية.","https://www.super-care.ae/","false","ملف حسام (51)","2026-10-09","C","متجر/صيدلية فعّال — يحتاج اتفاق مورد (غير مؤكد)","اتفاق توريد محتمل","true","false","true","true","true","false","false"
"800Pharma","AE","الإمارات (على مستوى الدولة)","","صيدلية أونلاين","https://800pharma.com/","https://800pharma.com/","independent_multibrand_store","متجر مستقل متعدد العلامات (اتفاق مورد غير مؤكد)","false","","","غير معروف","غير معروف","","غير معروف","","غير معروف","","غير معروف","","غير معروف","800 Pharma - Online Pharmacy Delivery in 30 minutes","200","true","verified_active_uae","الموقع يعمل ويظهر فيه ما يدل على الإمارات","site_active_no_program_page_confirmed","true","","","","","","","0","","51","needs_review","false","C","","ملاحظة ملف حسام: مناسب لفحص إدراج منتجات العناية.","https://800pharma.com/","false","ملف حسام (51)","2026-10-09","C","متجر/صيدلية فعّال — يحتاج اتفاق مورد (غير مؤكد)","اتفاق توريد محتمل","true","false","true","true","true","false","false"
"Mediсina Pharmacy","AE","الإمارات (على مستوى الدولة)","","صيدلية أونلاين","https://medicinaonline.ae/","https://www.medicinaonline.ae/","independent_multibrand_store","متجر مستقل متعدد العلامات (اتفاق مورد غير مؤكد)","false","","","غير معروف","غير معروف","","غير معروف","","غير معروف","","غير معروف","","غير معروف","Medicina Online Pharmacy UAE | 24/7 Fast Delivery &ndash; Medicina Online Pharmacy | UAE","200","true","verified_active_uae","الموقع يعمل ويظهر فيه ما يدل على الإمارات","site_active_no_program_page_confirmed","true","","","","","","","0","","51","needs_review","false","C","","ملاحظة ملف حسام: تحقق من الموقع والنشاط الحالي قبل الاعتماد.","https://medicinaonline.ae/","false","ملف حسام (51)","2026-10-09","C","متجر/صيدلية فعّال — يحتاج اتفاق مورد (غير مؤكد)","اتفاق توريد محتمل","true","false","true","true","true","false","false"
"Talabat UAE","AE","الإمارات (حسب منطقة التوصيل)","","تطبيق توصيل/متاجر محلية","https://www.talabat.com/uae","https://www.talabat.com/uae","supplier_or_brand_application","تقديم كمورد / علامة تجارية","true","","https://ae.partner.talabat.com/s/?language=en_US&utm_source=homepage&utm_medium=referral&utm_campaign=top_banner","المطاعم والبقالة والمتاجر؛ التجميل/العناية: غير مؤكد","غير معروف","","غير معروف","","الصفحة تشرح أن هناك «رسوم عمولة» بلا أرقام","https://ae.partner.talabat.com/s/?language=en_US","غير معروف","","غير معروف","Food delivery from your nearest restaurants in UAE | Talabat","200","true","verified_active_uae","الموقع يعمل ويظهر فيه ما يدل على الإمارات","official_page_fetched","false","","","","","","","0","","51","verified","false","C","بوابة شركاء رسمية، الغالب أنها لمتاجر تعمل بالتوصيل (صيدليات/تجزئة) لا لعلامات مصنّعة. اتفاق مورد عبر الصيدليات أنسب.","ملاحظة ملف حسام: قد يفيد إذا كان هناك نموذج متاح لفئة المنتجات؛ لا يضمن إدراج منتجات التجميل.","https://www.talabat.com/uae | https://ae.partner.talabat.com/s/?language=en_US&utm_source=homepage&utm_medium=referral&utm_campaign=top_banner | https://www.talabat.com/uae/restaurants","false","ملف حسام (51)","2026-10-09","C","مسار مورد/علامة رسمي أو شراكة — القبول غير مؤكد","تقديم مورد","true","false","true","true","true","true","false"
"Deliveroo UAE","AE","الإمارات (على مستوى الدولة)","","تطبيق توصيل ومتاجر","https://deliveroo.ae/en/","https://deliveroo.ae/","independent_multibrand_store","متجر مستقل متعدد العلامات (اتفاق مورد غير مؤكد)","false","","","غير معروف","غير معروف","","غير معروف","","غير معروف","","غير معروف","","hello@deliveroo.fr","Deliveroo - Takeaway Food Delivery from Local Restaurants & Shops","200","true","verified_active_uae","الموقع يعمل ويظهر فيه ما يدل على الإمارات","site_active_no_program_page_confirmed","false","","E","تطبيق توصيل؛ لا دليل على قبول مستحضرات تجميل من علامات جديدة، وأولويته منخفضة بملفك.","https://deliveroo.ae/en/","2026-10-09","","0","","51","needs_review","false","D","","ملاحظة ملف حسام: قناة ثانوية؛ تحقق من دعم فئة الجمال.","https://deliveroo.ae/en/","false","ملف حسام (51)","2026-10-09","E","تطبيق توصيل؛ لا دليل على قبول مستحضرات تجميل من علامات جديدة، وأولويته منخفضة بملفك.","غير مناسبة","true","false","true","true","false","false","false"
"Cult Beauty","AE","الإمارات (على مستوى الدولة)","","متجر تجميل دولي","https://www.cultbeauty.com/","https://www.cultbeauty.com/","independent_multibrand_store","متجر مستقل متعدد العلامات (اتفاق مورد غير مؤكد)","false","","","غير معروف","غير معروف","","غير معروف","","غير معروف","","غير معروف","","غير معروف","CULT BEAUTY | The Home of Beauty Discovery","200","false","active_uae_unconfirmed","الموقع يعمل لكن لم يظهر ما يدل على الإمارات بالصفحة الرئيسية","site_active_no_program_page_confirmed","true","","","","","","","0","","51","needs_review","false","C","","ملاحظة ملف حسام: تحقق من التوزيع والشحن للسوق؛ ليس بالضرورة منصة بائع ذاتي.","https://www.cultbeauty.com/ | https://www.cultbeauty.com/c/brands/laneige/lip-care/ | https://www.cultbeauty.com/c/brands/hourglass/gifts/ | https://www.cultbeauty.com/c/info/affiliates/","false","ملف حسام (51)","2026-10-09","C","متجر/صيدلية فعّال — يحتاج اتفاق مورد (غير مؤكد)","اتفاق توريد محتمل","false","false","true","false","false","false","false"
"iHerb UAE","AE","الإمارات (على مستوى الدولة)","","متجر دولي","https://ae.iherb.com/","https://ae.iherb.com/","independent_multibrand_store","متجر مستقل متعدد العلامات (اتفاق مورد غير مؤكد)","false","","","غير معروف","غير معروف","","غير معروف","","غير معروف","","غير معروف","","غير معروف","Just a moment...","403","false","protected_not_verified","الموقع يحجب الفحص الآلي (403/429/تحقق أمني) — لم يُتجاوز. الحالة غير مؤكدة","file_claim_only","false","","D","متجر دولي متخصص بالمكملات يحجب الفحص (403)؛ القبول عبر مسار علامات عالمي لا إماراتي.","نتيجة بحث عام 9/10/2026","2026-10-09","","0","","51","needs_review","false","D","","ملاحظة ملف حسام: القبول يعتمد على فئة المنتج ونموذج التوريد.","https://ae.iherb.com/","false","ملف حسام (51)","2026-10-09","D","متجر دولي متخصص بالمكملات يحجب الفحص (403)؛ القبول عبر مسار علامات عالمي لا إماراتي.","غير مؤكدة","false","true","true","false","false","false","false"
"Nice One","AE","غير مؤكد (منصة سعودية)","","متجر تجميل إقليمي","https://niceonesa.com/ar","https://niceonesa.com/","supplier_or_brand_application","تقديم كمورد / علامة تجارية","true","","https://partners.niceonesa.com/register","غير معروف","غير معروف","","غير معروف","","غير معروف","","غير معروف","","partnerships@niceonesa.com","تسوق جميع منتجات الجمال أونلاين | نايس ون السعودية","200","false","active_uae_unconfirmed","الموقع يعمل لكن لم يظهر ما يدل على الإمارات بالصفحة الرئيسية","official_page_fetched","true","","","","","","","0","","51","needs_review","false","C","بوابة شراكات رسمية، لكن تغطية السوق الإماراتي غير مؤكدة.","ملاحظة ملف حسام: تأكدي من التغطية الحالية بالإمارات.","https://niceonesa.com/ar | https://partners.niceonesa.com/register | https://affiliates.niceonesa.com/ar","false","ملف حسام (51)","2026-10-09","C","مسار مورد/علامة رسمي أو شراكة — القبول غير مؤكد","تقديم مورد","true","false","true","true","true","true","false"
"Boutiqaat","AE","الإمارات (على مستوى الدولة)","","منصة تجميل إقليمية","https://www.boutiqaat.com/","https://www.boutiqaat.com/","independent_multibrand_store","متجر مستقل متعدد العلامات (اتفاق مورد غير مؤكد)","false","","","غير معروف","غير معروف","","غير معروف","","غير معروف","","غير معروف","","غير معروف","Attention Required! | Cloudflare","403","false","protected_not_verified","الموقع يحجب الفحص الآلي (403/429/تحقق أمني) — لم يُتجاوز. الحالة غير مؤكدة","file_claim_only","false","","D","منصة تجميل إقليمية (كويتية) تحجب الفحص؛ عملها بالإمارات غير مؤكد.","نتيجة بحث عام 9/10/2026","2026-10-09","","0","","51","needs_review","false","D","","ملاحظة ملف حسام: نموذجها قد يختلف عن سوق البائعين المفتوح.","https://www.boutiqaat.com/","false","ملف حسام (51)","2026-10-09","D","منصة تجميل إقليمية (كويتية) تحجب الفحص؛ عملها بالإمارات غير مؤكد.","غير مؤكدة","false","true","true","false","false","false","false"
"Golden Scent","AE","الإمارات (على مستوى الدولة)","","متجر تجميل وعطور إقليمي","https://www.goldenscent.com/","https://www.goldenscent.com/","independent_multibrand_store","متجر مستقل متعدد العلامات (اتفاق مورد غير مؤكد)","false","","","غير معروف","غير معروف","","غير معروف","","غير معروف","","غير معروف","","care@goldenscent.com","عطور ومستحضرات تجميل أصلية بأسعار مميزة من قولدن سنت","200","true","verified_active_uae","الموقع يعمل ويظهر فيه ما يدل على الإمارات","site_active_no_program_page_confirmed","true","","","","","","","0","","51","needs_review","false","C","","ملاحظة ملف حسام: تحققي من فئات العناية والتغطية الإماراتية.","https://www.goldenscent.com/ | https://careers.goldenscent.com/jobs","false","ملف حسام (51)","2026-10-09","C","متجر/صيدلية فعّال — يحتاج اتفاق مورد (غير مؤكد)","اتفاق توريد محتمل","true","false","true","true","true","false","false"
"Nazih","AE","الإمارات (على مستوى الدولة)","","موزع/متجر احترافي للجمال","https://nazih.com/","https://nazih.com/","independent_multibrand_store","متجر مستقل متعدد العلامات (اتفاق مورد غير مؤكد)","false","","","غير معروف","غير معروف","","غير معروف","","غير معروف","","غير معروف","","info@nazih.com | customercare@nazih.com","Nazih Cosmetics","200","true","verified_active_uae","الموقع يعمل ويظهر فيه ما يدل على الإمارات","site_active_no_program_page_confirmed","true","","","","","","","0","","51","needs_review","false","C","","ملاحظة ملف حسام: افحصي إمكانية التوزيع والتوريد؛ تحقق من الجهة المحلية.","https://nazih.com/","false","ملف حسام (51)","2026-10-09","C","متجر/صيدلية فعّال — يحتاج اتفاق مورد (غير مؤكد)","اتفاق توريد محتمل","true","false","true","true","true","false","false"
"Madi International","AE","الإمارات (على مستوى الدولة)","","موزع متعدد العلامات","https://madiint.com/","https://madiint.com/","independent_multibrand_store","متجر مستقل متعدد العلامات (اتفاق مورد غير مؤكد)","false","","","غير معروف","غير معروف","","غير معروف","","غير معروف","","غير معروف","","غير معروف","","0","false","unreachable","الموقع لم يستجب عند الفحص (قد يكون متوقفاً أو يحجب الطلبات الآلية)","file_claim_only","false","","B","موزع مستحضرات صالونات إقليمي (تأسس 1991؛ UAE وSaudi وQatar…) بفئات: شعر، بشرة، أظافر، مكياج (صفحة وظائف Gulftalent). علاقة Wella منذ 2010 وعلامات K18 وKevin Murphy (مقالات ثانوية). الموقع madiint.com لم يستجب — الموقع الرسمي غير معروف.","https://www.tradearabia.com/news/RET_175366.html","2026-10-09","اتفاق توزيع محتمل","8","موزع صالونات كبير بفئة عناية بالشعر (ملائم لخط الشعر/الروزماري). قناة التواصل غير منشورة (الموقع لم يستجب)؛ يُبحث عن قناة تواصل رسمية.","51","unreachable","false","B","","ملاحظة ملف حسام: قد يناسب قناة B2B؛ القبول غير مؤكد.","https://madiint.com/","false","ملف حسام (51)","2026-10-09","B","موزع مستحضرات صالونات إقليمي (تأسس 1991؛ UAE وSaudi وQatar…) بفئات: شعر، بشرة، أظافر، مكياج (صفحة وظائف Gulftalent). علاقة Wella منذ 2010 وعلامات K18 وKevin Murphy (مقالات ثانوية). الموقع madiint.com لم يستجب — الموقع الرسمي غير معروف.","اتفاق توزيع محتمل","false","false","true","false","false","false","false"
"Xpressions Style","AE","الإمارات","","متجر/بوابة بيع","https://xpressions.ae/","https://www.xpressionsstyle.com/","wholesale_distribution","بيع بالجملة / توزيع","true","","https://xpressions.ae/pages/welcome-to-the-xpressions-style-partner-program","عطور وتجميل (برنامج شراكة: تجزئة/جملة/توزيع)","غير منصوص","","غير معروف","","غير معلن","","غير معروف","","business.development@xpressionsstyle.com | team@xpressionsstyle.com | info@xpressionsstyle.com","Xpressions UAE | Original Perfumes, Makeup & Watches","200","true","verified_active_uae","الموقع يعمل ويظهر فيه ما يدل على الإمارات","official_page_fetched","true","","","","","","","7","برنامج «Business Network» رسمي للتجزئة والجملة والتوزيع بطلب أولي مباشر. تخصصه العطور والتجميل؛ قبول العناية بالبشرة والشعر غير منصوص.","51","verified","false","B","برنامج «Business Network» رسمي: طلب أولي يوضح بيانات النشاط ونوع الشراكة.","ملاحظة ملف حسام: تأكدي من صلاحية صفحة البيع الحالية.","https://xpressions.ae/ | https://xpressions.ae/collections/vendors?q=Parfums%20de%20Marly | https://xpressions.ae/pages/welcome-to-the-xpressions-style-partner-program","false","ملف حسام (51)","2026-10-09","B","قناة جملة/توزيع/B2B بمسار رسمي موثّق","اتفاق توزيع محتمل","true","false","true","true","true","true","false"
"Instagram Shop / Instagram Business","AE","الإمارات (على مستوى الدولة)","","تجارة اجتماعية","https://business.instagram.com/","https://business.instagram.com/","social_commerce","قناة تجارة اجتماعية","false","","","غير معروف","غير معروف","","غير معروف","","غير معروف","","غير معروف","","غير معروف","Error","400","false","unreachable","HTTP 400","file_claim_only","false","","D","قناة بيع مباشرة ممكنة، لكن الموقع أعاد 400/مهلة، وإتاحة Shops/Checkout لحساب إماراتي غير مؤكدة. الحساب مثبَّت بقرار حسام.","https://business.instagram.com/","2026-10-09","","0","","51","unreachable","false","B","الموقع أعاد 400 عند الفحص الآلي. إتاحة Shops/Checkout لحساب إماراتي غير مؤكدة. Instagram مثبَّت بقرار حسام (@lowes.profesyonal_) — لا تغيير عليه.","ملاحظة ملف حسام: لا تفترضي أن Checkout أو Shops متاحة لكل حساب إماراتي؛ البيع قد يتم عبر الموقع أو الرسائل.","https://business.instagram.com/","false","ملف حسام (51)","2026-10-09","D","قناة بيع مباشرة ممكنة، لكن الموقع أعاد 400/مهلة، وإتاحة Shops/Checkout لحساب إماراتي غير مؤكدة. الحساب مثبَّت بقرار حسام.","غير مؤكدة","false","true","true","false","false","false","false"
"TikTok for Business","AE","الإمارات (على مستوى الدولة)","","تجارة اجتماعية/إعلانات","https://ads.tiktok.com/business/fr?tt4b_lang_redirect=1","https://www.tiktok.com/business/","social_commerce","قناة تجارة اجتماعية","false","","","غير معروف","غير معروف","","غير معروف","","غير معروف","","غير معروف","","enquiries@oaic.gov.au | info@ndpc.gov.ng","TikTok for Business | Marketing & Advertising on TikTok","200","false","active_uae_unconfirmed","الموقع يعمل لكن لم يظهر ما يدل على الإمارات بالصفحة الرئيسية","official_page_fetched","false","","D","صفحة البائع المفحوصة (seller.tiktok.com) هي نسخة TikTok Shop الأمريكية؛ إتاحة المتجر للإمارات غير مؤكدة.","https://seller.tiktok.com/","2026-10-09","","0","","51","needs_review","false","C","صفحة البائع التي فُحصت (seller.tiktok.com) هي نسخة TikTok Shop الأمريكية؛ إتاحة المتجر للإمارات غير مؤكدة. التسويق/الإعلانات متاح بشكل منفصل.","ملاحظة ملف حسام: لا أؤكد وجود TikTok Shop UAE مفتوح؛ تحقق من إتاحة البرنامج محلياً.","https://ads.tiktok.com/business/fr?tt4b_lang_redirect=1 | https://seller.tiktok.com/ | https://ads.tiktok.com/business/fr/marketing-partners | https://ads.tiktok.com/affiliate | https://www.tiktok.com/legal/page/global/partner-privacy-policy/en","false","ملف حسام (51)","2026-10-09","D","صفحة البائع المفحوصة (seller.tiktok.com) هي نسخة TikTok Shop الأمريكية؛ إتاحة المتجر للإمارات غير مؤكدة.","غير مؤكدة","true","true","true","true","false","false","false"
"WhatsApp Business","AE","الإمارات (على مستوى الدولة)","","كتالوج وتواصل مباشر","https://business.whatsapp.com/","https://business.whatsapp.com/","social_commerce","قناة تجارة اجتماعية","false","","","غير معروف","غير معروف","","غير معروف","","غير معروف","","غير معروف","","غير معروف","Error","400","false","unreachable","HTTP 400","file_claim_only","false","","D","قناة كتالوج وتواصل مباشر لا سوق؛ الموقع أعاد 400/مهلة.","https://business.whatsapp.com/","2026-10-09","","0","","51","unreachable","false","B","قناة كتالوج وتواصل مباشر، ليست سوقاً. الموقع أعاد 400 للفحص الآلي.","ملاحظة ملف حسام: مفيد لتحويل العملاء من الإعلانات والمحتوى إلى الطلب.","https://business.whatsapp.com/","false","ملف حسام (51)","2026-10-09","D","قناة كتالوج وتواصل مباشر لا سوق؛ الموقع أعاد 400/مهلة.","غير مؤكدة","false","true","true","false","false","false","false"
"Shopify Store","AE","الإمارات (على مستوى الدولة)","","متجر إلكتروني تملكه العلامة","https://www.shopify.com/","https://www.shopify.com/","own_store_platform","منصة إنشاء متجر خاص بالعلامة","false","","","غير معروف","غير معروف","","غير معروف","","غير معروف","","غير معروف","","غير معروف","Shopify: The All-in-One Commerce Platform for Businesses - Shopify","200","true","verified_active_uae","الموقع يعمل ويظهر فيه ما يدل على الإمارات","official_page_fetched","false","","D","منصة لإنشاء متجر خاص بالعلامة (ليست سوقاً)؛ أهلية الدفع والشحن للإمارات غير مؤكدة بالصفحة.","https://www.shopify.com/","2026-10-09","","0","","51","needs_review","false","B","إنشاء متجر خاص بالعلامة — ليس Marketplace. الصفحة لا تتحقق من أهلية الدفع/الشحن بالإمارات.","ملاحظة ملف حسام: ليس Marketplace؛ يمنحك تحكماً أكبر لكن يحتاج اكتساب زيارات.","https://www.shopify.com/ | https://www.shopify.com/start | https://www.shopify.com/sell | https://www.shopify.com/solutions/b2b/enterprise | https://www.shopify.com/partners","false","ملف حسام (51)","2026-10-09","D","منصة لإنشاء متجر خاص بالعلامة (ليست سوقاً)؛ أهلية الدفع والشحن للإمارات غير مؤكدة بالصفحة.","غير مؤكدة","true","true","true","true","false","false","false"
"Salla","AE","الإمارات (على مستوى الدولة)","","منصة إنشاء متجر","https://salla.com/","https://salla.com/","own_store_platform","منصة إنشاء متجر خاص بالعلامة","false","","","غير معروف","غير معروف","","غير معروف","","غير معروف","","غير معروف","","غير معروف","Just a moment...","403","false","protected_not_verified","الموقع يحجب الفحص الآلي (403/429/تحقق أمني) — لم يُتجاوز. الحالة غير مؤكدة","file_claim_only","false","","D","منصة سعودية تحجب الفحص؛ أهلية شركة إماراتية غير مؤكدة.","نتيجة بحث عام 9/10/2026","2026-10-09","","0","","51","needs_review","false","D","منصة سعودية؛ الموقع يحجب الفحص الآلي. أهلية شركة إماراتية غير مؤكدة.","ملاحظة ملف حسام: لا تعتمد كخيار إماراتي قبل تأكيد أهلية الحساب من المنصة.","https://salla.com/","false","ملف حسام (51)","2026-10-09","D","منصة سعودية تحجب الفحص؛ أهلية شركة إماراتية غير مؤكدة.","غير مؤكدة","false","true","true","false","false","false","false"
"Zid","AE","الإمارات (على مستوى الدولة)","","منصة إنشاء متجر","https://zid.sa/ar/","https://Zid.sa/","own_store_platform","منصة إنشاء متجر خاص بالعلامة","false","","","غير معروف","غير معروف","","غير معروف","","غير معروف","","غير معروف","","غير معروف","زد | أنشئ متجرك الإلكتروني بسهولة وابدأ البيع في 24 ساعة","200","false","active_uae_unconfirmed","الموقع يعمل لكن لم يظهر ما يدل على الإمارات بالصفحة الرئيسية","file_claim_only","false","","D","منصة سعودية؛ أهلية شركة إماراتية غير مؤكدة.","https://zid.sa/ar/","2026-10-09","","0","","51","needs_review","false","D","منصة سعودية؛ أهلية شركة إماراتية غير مؤكدة. رابط الملف كان فيه مسافة وأُصلح.","ملاحظة ملف حسام: المنصة إقليمية؛ تأكدي من دعم الكيان الإماراتي قبل الاختيار.","https://zid.sa/ar/ | https://zid.sa/ar/sectors/honey/ | https://zid.sa/ar/why-zid/why-move-to-zid/ | https://zid.sa/ar/partners/ | https://help.zid.sa/","false","ملف حسام (51)","2026-10-09","D","منصة سعودية؛ أهلية شركة إماراتية غير مؤكدة.","غير مؤكدة","false","true","true","false","false","false","false"
"Powder.ae","AE","الإمارات (على مستوى الدولة)","","Beauty marketplace (UAE)","https://powderbeauty.com/","https://powder.ae/","independent_multibrand_store","متجر مستقل متعدد العلامات (اتفاق مورد غير مؤكد)","false","","","غير معروف","غير معروف","","غير معروف","","غير معروف","","غير معروف","","غير معروف","Powder Beauty: Sustainable Natural Beauty and Skincare","200","true","verified_active_uae","الموقع يعمل ويظهر فيه ما يدل على الإمارات","site_active_no_program_page_confirmed","true","","","","","","","20","متجر تجميل «نظيف» إماراتي متعدد العلامات (تمويل Pre-Series A 2024 بحسب مصدر ثانوي) ولا مسار تقديم منشور. يُتواصل لمعرفة قبول علامة جديدة.","exp1","needs_review","false","C","","","https://powderbeauty.com/","true","Gulf News: Powder.ae beauty entrepreneurs","2026-10-09","C","متجر/صيدلية فعّال — يحتاج اتفاق مورد (غير مؤكد)","اتفاق توريد محتمل","true","false","true","true","true","false","false"
"Sivvi","AE","الإمارات (على مستوى الدولة)","","Fashion+beauty online","","","independent_multibrand_store","متجر مستقل متعدد العلامات (اتفاق مورد غير مؤكد)","false","","","غير معروف","غير معروف","","غير معروف","","غير معروف","","غير معروف","","غير معروف","","0","false","unreachable","الموقع لم يستجب عند الفحص (قد يكون متوقفاً أو يحجب الطلبات الآلية)","file_claim_only","false","","D","منصة أزياء/جمال لم تستجب آلياً؛ لا مسار موردين معروف.","نتيجة بحث عام 9/10/2026","2026-10-09","","0","","exp1","unreachable","false","D","","","https://www.sivvi.com/","true","K-beauty store lists","2026-10-09","D","منصة أزياء/جمال لم تستجب آلياً؛ لا مسار موردين معروف.","غير مؤكدة","false","true","true","false","false","false","false"
"Styli","AE","الإمارات (على مستوى الدولة)","","Fashion+beauty online","https://www.stylishop.com/ae/en/","https://www.stylishop.com/ae/en/","independent_multibrand_store","متجر مستقل متعدد العلامات (اتفاق مورد غير مؤكد)","false","","","غير معروف","غير معروف","","غير معروف","","غير معروف","","غير معروف","","غير معروف","Just a moment...","403","true","protected_not_verified","الموقع يحجب الفحص الآلي (403/429/تحقق أمني) — لم يُتجاوز. الحالة غير مؤكدة","file_claim_only","false","","D","منصة أزياء (Landmark) تحجب الفحص؛ فئة العناية غير مؤكدة.","نتيجة بحث عام 9/10/2026","2026-10-09","","0","","exp1","needs_review","false","D","","","https://www.stylishop.com/ae/en/","true","K-beauty store lists","2026-10-09","D","منصة أزياء (Landmark) تحجب الفحص؛ فئة العناية غير مؤكدة.","غير مؤكدة","false","true","true","false","false","false","false"
"6thStreet","AE","الإمارات (على مستوى الدولة)","","Fashion+beauty online","https://www.6thstreet.com/ae/","https://www.6thstreet.com/ae/","independent_multibrand_store","متجر مستقل متعدد العلامات (اتفاق مورد غير مؤكد)","false","","","غير معروف","غير معروف","","غير معروف","","غير معروف","","غير معروف","","غير معروف","ERROR: The request could not be satisfied","403","true","protected_not_verified","الموقع يحجب الفحص الآلي (403/429/تحقق أمني) — لم يُتجاوز. الحالة غير مؤكدة","file_claim_only","false","","D","منصة أزياء تحجب الفحص؛ فئة العناية غير مؤكدة.","نتيجة بحث عام 9/10/2026","2026-10-09","","0","","exp1","needs_review","false","D","","","https://www.6thstreet.com/ae/","true","directory knowledge","2026-10-09","D","منصة أزياء تحجب الفحص؛ فئة العناية غير مؤكدة.","غير مؤكدة","false","true","true","false","false","false","false"
"Dubizzle","AE","الإمارات (على مستوى الدولة)","","Classifieds / social commerce","https://dubai.dubizzle.com/","https://dubai.dubizzle.com/","independent_multibrand_store","متجر مستقل متعدد العلامات (اتفاق مورد غير مؤكد)","false","","","غير معروف","غير معروف","","غير معروف","","غير معروف","","غير معروف","","غير معروف","","200","true","protected_not_verified","الموقع يحجب الفحص الآلي (403/429/تحقق أمني) — لم يُتجاوز. الحالة غير مؤكدة","file_claim_only","false","","D","منصة إعلانات مبوبة تحجب الفحص؛ البيع فردي لا لعلامة موردة.","نتيجة بحث عام 9/10/2026","2026-10-09","","0","","exp1","needs_review","false","D","","","https://dubai.dubizzle.com/","true","directory knowledge","2026-10-09","D","منصة إعلانات مبوبة تحجب الفحص؛ البيع فردي لا لعلامة موردة.","غير مؤكدة","false","true","true","false","false","false","false"
"OpenSooq UAE","AE","الإمارات (على مستوى الدولة)","","Classifieds / social commerce","https://ae.opensooq.com/ar","https://ae.opensooq.com/","independent_multibrand_store","متجر مستقل متعدد العلامات (اتفاق مورد غير مؤكد)","false","","","غير معروف","غير معروف","","غير معروف","","غير معروف","","غير معروف","","غير معروف","إعلانات الإمارات: سيارات، عقارات، وظائف وخدمات | السوق المفتوح","200","true","verified_active_uae","الموقع يعمل ويظهر فيه ما يدل على الإمارات","site_active_no_program_page_confirmed","false","","E","منصة إعلانات مبوبة (صفحة sell-any-thing لبيع الأفراد) — لا تناسب علامة تجارية تبحث عن توزيع منظم.","https://ae.opensooq.com/ar/sell-any-thing","2026-10-09","","0","","exp1","needs_review","false","D","","","https://ae.opensooq.com/ar | https://ae.opensooq.com/ar/sell-any-thing | https://ae.opensooq.com/ar/%D8%B4%D8%B1%D9%83%D8%A7%D8%AA-%D8%B5%D9%86%D8%A7%D8%B9%D9%8A%D8%A9/%D9%85%D8%AA%D8%A7%D8%AC%D8%B1-%D8%A5%D9%84%D9%83%D8%AA%D8%B1%D9%88%D9%86%D9%8A%D8%A9 | https://ae.opensooq.com/ar/%D8%B4%D8%B1%D9%83%D8%A7%D8%AA-%D8%B5%D9%86%D8%A7%D8%B9%D9%8A%D8%A9/%D9%85%D8%B3%D8%AA%D9%84%D8%B2%D9%85%D8%A7%D8%AA-%D8%A7%D9%84%D9%85%D8%AA%D8%A7%D8%AC%D8%B1-%D9%88%D8%A7%D9%84%D8%A8%D9%8A%D8%B9-%D8%A8%D8%A7%D9%84%D8%AA%D8%AC%D8%B2%D8%A6%D8%A9 | https://ae.opensooq.com/ar/%D8%B4%D8%B1%D9%83%D8%A7%D8%AA-%D8%B5%D9%86%D8%A7%D8%B9%D9%8A%D8%A9/%D8%A3%D8%AB%D8%A7%D8%AB-%D8%A7%D9%84%D9%85%D8%AA%D8%A7%D8%AC%D8%B1-%D9%88%D8%A7%D9%84%D8%B7%D8%A7%D9%88%D9%84%D8%A7%D8%AA","true","web search: Arabic stores query","2026-10-09","E","منصة إعلانات مبوبة (صفحة sell-any-thing لبيع الأفراد) — لا تناسب علامة تجارية تبحث عن توزيع منظم.","غير مناسبة","true","false","true","true","false","false","false"
"InstaShop","AE","الإمارات (على مستوى الدولة)","","Grocery/pharmacy q-commerce","https://instashop.com/en-ae","https://instashop.com/en-ae","independent_multibrand_store","متجر مستقل متعدد العلامات (اتفاق مورد غير مؤكد)","false","","","غير معروف","غير معروف","","غير معروف","","غير معروف","","غير معروف","","غير معروف","Attention Required! | Cloudflare","403","true","protected_not_verified","الموقع يحجب الفحص الآلي (403/429/تحقق أمني) — لم يُتجاوز. الحالة غير مؤكدة","file_claim_only","false","","D","تطبيق توصيل بقالة وصيدلية (ضمن talabat) يحجب الفحص؛ التجميل تابع لمتاجر شريكة.","نتيجة بحث عام 9/10/2026","2026-10-09","","0","","exp1","needs_review","false","D","","","https://instashop.com/en-ae","true","talabat acquisition","2026-10-09","D","تطبيق توصيل بقالة وصيدلية (ضمن talabat) يحجب الفحص؛ التجميل تابع لمتاجر شريكة.","غير مؤكدة","false","true","true","false","false","false","false"
"Kibsons","AE","الإمارات (على مستوى الدولة)","","Online grocery","https://www.kibsons.com/","https://www.kibsons.com/","independent_multibrand_store","متجر مستقل متعدد العلامات (اتفاق مورد غير مؤكد)","false","","","غير معروف","غير معروف","","غير معروف","","غير معروف","","غير معروف","","غير معروف","Attention Required! | Cloudflare","403","false","protected_not_verified","الموقع يحجب الفحص الآلي (403/429/تحقق أمني) — لم يُتجاوز. الحالة غير مؤكدة","file_claim_only","false","","E","متجر خضار وبقالة طازجة؛ لا علاقة بفئة التجميل.","https://www.kibsons.com/","2026-10-09","","0","","exp1","needs_review","false","D","","","https://www.kibsons.com/","true","directory knowledge","2026-10-09","E","متجر خضار وبقالة طازجة؛ لا علاقة بفئة التجميل.","غير مناسبة","false","false","true","false","false","false","false"
"Spinneys UAE","AE","الإمارات (على مستوى الدولة)","","Supermarket online","https://www.spinneys.com/en-ae","https://www.spinneys.com/en-ae","independent_multibrand_store","متجر مستقل متعدد العلامات (اتفاق مورد غير مؤكد)","false","","","غير معروف","غير معروف","","غير معروف","","غير معروف","","غير معروف","","غير معروف","403 Forbidden","403","true","protected_not_verified","الموقع يحجب الفحص الآلي (403/429/تحقق أمني) — لم يُتجاوز. الحالة غير مؤكدة","file_claim_only","false","","E","المسار الوحيد المنشور للموردين برنامج Local Business Incubator لمنتجات غذائية محلية بحصرية 6 أشهر — لا يناسب LOWE'S.","https://www.spinneys.com/en-ae/lifestyle/register-your-business-for-the-2025-edition-of-the-spinneys-local-business-incubator-programme/","2026-10-09","","0","","exp1","needs_review","false","D","","","https://www.spinneys.com/en-ae","true","directory knowledge","2026-10-09","E","المسار الوحيد المنشور للموردين برنامج Local Business Incubator لمنتجات غذائية محلية بحصرية 6 أشهر — لا يناسب LOWE'S.","غير مناسبة","false","false","true","false","false","false","false"
"Union Coop","AE","الإمارات (على مستوى الدولة)","","Cooperative retail","https://www.unioncoop.ae/","https://www.unioncoop.ae/","supplier_or_brand_application","تقديم كمورد / علامة تجارية","false","","https://corporate.unioncoop.ae/en/business-opportunities/suppliers-registrations/","غير معروف","غير معروف","","غير معروف","","غير معروف","","غير معروف","","800 88 89 | info@unioncoop.ae (غير متطابق مع رابط mailto) | info@unioncoop.ae","Online Grocery Shopping & Delivery in Dubai, Abu Dhabi - Union Coop UAE","200","true","verified_active_uae","الموقع يعمل ويظهر فيه ما يدل على الإمارات","official_page_fetched","true","","","","","","","10","الوحيدة بين الهايبرماركت التي نشرت نماذج تسجيل موردين رسمية (نموذج إداري ونموذج مشتريات + خطوات وشروط). فئة العناية الشخصية غير منصوصة؛ البريد المعروض يختلف عن رابط mailto فيُتحقق منه.","exp1","needs_review","false","B","نماذج رسمية (PDF) على corporate.unioncoop.ae، وهاتف 800 88 89. اتفاقية سوق Union Coop (PDF) لم تُقرأ (ملف مضغوط). الشروط والمستندات: غير مقروءة.","","https://www.unioncoop.ae/ | https://www.unioncoop.ae/b2bcompany/login/","true","batch2","2026-10-09","C","مسار مورد/علامة رسمي أو شراكة — القبول غير مؤكد","تقديم مورد","true","false","true","true","true","true","false"
"Choithrams","AE","الإمارات (على مستوى الدولة)","","Supermarket online","https://www.choithrams.com/","https://www.choithrams.com/","independent_multibrand_store","متجر مستقل متعدد العلامات (اتفاق مورد غير مؤكد)","false","","","غير معروف","غير معروف","","غير معروف","","غير معروف","","غير معروف","","غير معروف","Choithrams - Online Grocery Shopping & Delivery in UAE","200","true","verified_active_uae","الموقع يعمل ويظهر فيه ما يدل على الإمارات","site_active_no_program_page_confirmed","false","","C","سوبرماركت فعّال؛ صفحة التوزيع تذكر شراكات مع «مئات علامات FMCG» دون مسار تقديم. لا بريد موردين منشور بالصفحات المقروءة.","https://choithramsgcc.com/en/contents/view/distribution","2026-10-09","","0","","exp1","needs_review","false","C","","","https://www.choithrams.com/","true","directory knowledge","2026-10-09","C","سوبرماركت فعّال؛ صفحة التوزيع تذكر شراكات مع «مئات علامات FMCG» دون مسار تقديم. لا بريد موردين منشور بالصفحات المقروءة.","اتفاق توريد محتمل","true","false","true","true","true","false","false"
"Waitrose UAE","AE","الإمارات (على مستوى الدولة)","","Supermarket online","https://www.waitrose.ae/","https://www.waitrose.ae/","independent_multibrand_store","متجر مستقل متعدد العلامات (اتفاق مورد غير مؤكد)","false","","","غير معروف","غير معروف","","غير معروف","","غير معروف","","غير معروف","","غير معروف","403 Forbidden","403","false","protected_not_verified","الموقع يحجب الفحص الآلي (403/429/تحقق أمني) — لم يُتجاوز. الحالة غير مؤكدة","file_claim_only","false","","D","سوبرماركت يحجب الفحص (403).","نتيجة بحث عام 9/10/2026","2026-10-09","","0","","exp1","needs_review","false","D","","","https://www.waitrose.ae/","true","directory knowledge","2026-10-09","D","سوبرماركت يحجب الفحص (403).","غير مؤكدة","false","true","true","false","false","false","false"
"Abu Dhabi Coop","AE","الإمارات (على مستوى الدولة)","","Cooperative retail Abu Dhabi","","","independent_multibrand_store","متجر مستقل متعدد العلامات (اتفاق مورد غير مؤكد)","false","","","غير معروف","غير معروف","","غير معروف","","غير معروف","","غير معروف","","غير معروف","","0","false","unreachable","الموقع لم يستجب عند الفحص (قد يكون متوقفاً أو يحجب الطلبات الآلية)","file_claim_only","false","","D","جمعية تعاونية لم يستجب موقعها آلياً.","نتيجة بحث عام 9/10/2026","2026-10-09","","0","","exp1","unreachable","false","D","","","https://www.adcoop.ae/","true","directory knowledge","2026-10-09","D","جمعية تعاونية لم يستجب موقعها آلياً.","غير مؤكدة","false","true","true","false","false","false","false"
"Sharjah Coop","AE","الإمارات (على مستوى الدولة)","","Cooperative retail Sharjah","https://www.sharjahcoop.ae/","https://www.sharjahcoop.ae/","independent_multibrand_store","متجر مستقل متعدد العلامات (اتفاق مورد غير مؤكد)","false","","","غير معروف","غير معروف","","غير معروف","","غير معروف","","غير معروف","","غير معروف","Sharjah Co-operative Society | Homepage","200","true","verified_active_uae","الموقع يعمل ويظهر فيه ما يدل على الإمارات","site_active_no_program_page_confirmed","false","","D","جمعية تعاونية فعّالة (بقالة ومنزل) بلا دليل على فئة تجميل أو مسار موردين.","https://sharjahcoop.ae/","2026-10-09","","0","","exp1","needs_review","false","D","","","https://www.sharjahcoop.ae/","true","directory knowledge","2026-10-09","D","جمعية تعاونية فعّالة (بقالة ومنزل) بلا دليل على فئة تجميل أو مسار موردين.","غير مؤكدة","true","true","true","true","false","false","false"
"Spacenk","AE","الإمارات (على مستوى الدولة)","","International beauty ships UAE","","","independent_multibrand_store","متجر مستقل متعدد العلامات (اتفاق مورد غير مؤكد)","false","","","غير معروف","غير معروف","","غير معروف","","غير معروف","","غير معروف","","غير معروف","Sites-spacenkgb-Site","404","false","unreachable","HTTP 404","file_claim_only","false","","E","متجر بريطاني (نسخة UK)، ليس جهة إماراتية.","https://www.spacenk.com/","2026-10-09","","0","","exp1","unreachable","false","D","","","https://www.spacenk.com/uk/404 | https://www.spacenk.com/uk/brands/b/bread-beauty-supply | https://www.spacenk.com/uk/affiliate-landing-page.html","true","directory knowledge","2026-10-09","E","متجر بريطاني (نسخة UK)، ليس جهة إماراتية.","غير مناسبة","false","false","true","false","false","false","false"
"Feelunique","AE","الإمارات (على مستوى الدولة)","","International beauty ships UAE","https://www.feelunique.com/","https://www.feelunique.com/","independent_multibrand_store","متجر مستقل متعدد العلامات (اتفاق مورد غير مؤكد)","false","","","غير معروف","غير معروف","","غير معروف","","غير معروف","","غير معروف","","غير معروف","Access Denied","403","false","protected_not_verified","الموقع يحجب الفحص الآلي (403/429/تحقق أمني) — لم يُتجاوز. الحالة غير مؤكدة","file_claim_only","false","","E","متجر بريطاني دولي يحجب الفحص؛ ليس قناة إماراتية.","نتيجة بحث عام 9/10/2026","2026-10-09","","0","","exp1","needs_review","false","D","","","https://www.feelunique.com/","true","directory knowledge","2026-10-09","E","متجر بريطاني دولي يحجب الفحص؛ ليس قناة إماراتية.","غير مناسبة","false","false","true","false","false","false","false"
"Harvey Nichols Dubai","AE","الإمارات (على مستوى الدولة)","","Luxury retail","","","independent_multibrand_store","متجر مستقل متعدد العلامات (اتفاق مورد غير مؤكد)","false","","","غير معروف","غير معروف","","غير معروف","","غير معروف","","غير معروف","","غير معروف","","0","false","unreachable","الموقع لم يستجب عند الفحص (قد يكون متوقفاً أو يحجب الطلبات الآلية)","file_claim_only","false","","D","متجر فاخر لم يستجب موقعه؛ لا دليل على مسار موردين.","نتيجة بحث عام 9/10/2026","2026-10-09","","0","","exp1","unreachable","false","D","","","https://www.harveynichols.com/","true","directory knowledge","2026-10-09","D","متجر فاخر لم يستجب موقعه؛ لا دليل على مسار موردين.","غير مؤكدة","false","true","true","false","false","false","false"
"Tryano","AE","الإمارات (على مستوى الدولة)","","Luxury retail online","https://www.tryano.com/en-ae","https://www.tryano.com/","independent_multibrand_store","متجر مستقل متعدد العلامات (اتفاق مورد غير مؤكد)","false","","","غير معروف","غير معروف","","غير معروف","","غير معروف","","غير معروف","","غير معروف","Tryano | A World of Fashion, Beauty, Gifting & Lifestyle","200","true","verified_active_uae","الموقع يعمل ويظهر فيه ما يدل على الإمارات","site_active_no_program_page_confirmed","true","","","","","","","0","","exp1","needs_review","false","C","","","https://www.tryano.com/en-ae","true","directory knowledge","2026-10-09","C","متجر/صيدلية فعّال — يحتاج اتفاق مورد (غير مؤكد)","اتفاق توريد محتمل","true","false","true","true","true","false","false"
"Thumbay Pharmacy","AE","الإمارات (على مستوى الدولة)","","Pharmacy online","","","independent_multibrand_store","متجر مستقل متعدد العلامات (اتفاق مورد غير مؤكد)","false","","","غير معروف","غير معروف","","غير معروف","","غير معروف","","غير معروف","","غير معروف","","0","false","unreachable","الموقع لم يستجب عند الفحص (قد يكون متوقفاً أو يحجب الطلبات الآلية)","file_claim_only","true","","C","سلسلة صيدليات بفروع في 6 إمارات (صفحة Gulf Medical University وThumbay Healthcare) وتظهر على talabat بأقسام عناية. النطاق الذي جرّبته (thumbaypharmacy.com) معلّق «Account Suspended» — الموقع الرسمي غير معروف.","https://thumbayhospital.com/services/thumbay-pharmacy","2026-10-09","","0","","exp1","unreachable","false","C","","","https://www.thumbaypharmacy.com/","true","talabat sample","2026-10-09","C","سلسلة صيدليات بفروع في 6 إمارات (صفحة Gulf Medical University وThumbay Healthcare) وتظهر على talabat بأقسام عناية. النطاق الذي جرّبته (thumbaypharmacy.com) معلّق «Account Suspended» — الموقع الرسمي غير معروف.","اتفاق توريد محتمل","false","false","true","false","false","false","false"
"Al Ain Pharmacy","AE","الإمارات (على مستوى الدولة)","","Pharmacy chain","","","independent_multibrand_store","متجر مستقل متعدد العلامات (اتفاق مورد غير مؤكد)","false","","","غير معروف","غير معروف","","غير معروف","","غير معروف","","غير معروف","","غير معروف","","0","false","unreachable","الموقع لم يستجب عند الفحص (قد يكون متوقفاً أو يحجب الطلبات الآلية)","file_claim_only","true","","C","سلسلة صيدليات تظهر على talabat بأقسام عناية بالبشرة وعدة فروع بالعين؛ لا موقع رسمي متحقق منه.","https://www.talabat.com/uae/grocery/43177/al-ain-pharmacy/beauty-cosmetics/fragrance","2026-10-09","","0","","exp1","unreachable","false","C","","","https://www.alainpharmacy.com/","true","talabat sample","2026-10-09","C","سلسلة صيدليات تظهر على talabat بأقسام عناية بالبشرة وعدة فروع بالعين؛ لا موقع رسمي متحقق منه.","اتفاق توريد محتمل","false","false","true","false","false","false","false"
"Medon Pharmacy","AE","الإمارات (على مستوى الدولة)","","Pharmacy chain","https://medon.ae/","https://medon.ae/","independent_multibrand_store","متجر مستقل متعدد العلامات (اتفاق مورد غير مؤكد)","false","","","غير معروف","غير معروف","","غير معروف","","غير معروف","","غير معروف","","info@medon.ae","Medon Pharmacy: Trusted Healthcare Provider in UAE | Better Health, Better World | Medon Pharmacy","200","true","verified_active_uae","الموقع يعمل ويظهر فيه ما يدل على الإمارات","site_active_no_program_page_confirmed","true","","","","","","","0","","exp1","needs_review","false","C","","","https://medon.ae/","true","batch3","2026-10-09","C","متجر/صيدلية فعّال — يحتاج اتفاق مورد (غير مؤكد)","اتفاق توريد محتمل","true","false","true","true","true","false","false"
"Nahdi Online UAE","AE","الإمارات (على مستوى الدولة)","","Pharmacy online","https://www.nahdionline.com/en-ae","https://www.nahdionline.com/en-ae","independent_multibrand_store","متجر مستقل متعدد العلامات (اتفاق مورد غير مؤكد)","false","","","غير معروف","غير معروف","","غير معروف","","غير معروف","","غير معروف","","غير معروف","Nahdi Pharmacy | Home Page","200","true","verified_active_uae","الموقع يعمل ويظهر فيه ما يدل على الإمارات","site_active_no_program_page_confirmed","true","","","","","","","0","","exp1","needs_review","false","C","","","https://www.nahdionline.com/en-ae","true","batch3","2026-10-09","C","متجر/صيدلية فعّال — يحتاج اتفاق مورد (غير مؤكد)","اتفاق توريد محتمل","true","false","true","true","true","false","false"
"Lana Pharmacy","AE","الإمارات (على مستوى الدولة)","","Pharmacy chain","","","independent_multibrand_store","متجر مستقل متعدد العلامات (اتفاق مورد غير مؤكد)","false","","","غير معروف","غير معروف","","غير معروف","","غير معروف","","غير معروف","","غير معروف","","0","false","unreachable","الموقع لم يستجب عند الفحص (قد يكون متوقفاً أو يحجب الطلبات الآلية)","file_claim_only","true","","C","سلسلة صيدليات (10 فروع بعينة talabat عبر 6 إمارات)؛ لا موقع رسمي متحقق (شهادة SSL خاطئة على النطاق المجرّب).","https://www.talabat.com/uae/pharmacies","2026-10-09","","0","","exp1","unreachable","false","C","","","https://www.lanapharmacy.com/","true","batch3","2026-10-09","C","سلسلة صيدليات (10 فروع بعينة talabat عبر 6 إمارات)؛ لا موقع رسمي متحقق (شهادة SSL خاطئة على النطاق المجرّب).","اتفاق توريد محتمل","false","false","true","false","false","false","false"
"Docib","AE","الإمارات (على مستوى الدولة)","","Pharmacy online","","","independent_multibrand_store","متجر مستقل متعدد العلامات (اتفاق مورد غير مؤكد)","false","","","غير معروف","غير معروف","","غير معروف","","غير معروف","","غير معروف","","غير معروف","","0","false","unreachable","الموقع لم يستجب عند الفحص (قد يكون متوقفاً أو يحجب الطلبات الآلية)","file_claim_only","false","","C","سلسلة صيدليات (DOCIB Group) بفروع بعدة إمارات على talabat؛ مصدر ثانوي يذكر شراكتها مع علامة عناية محلية. الموقع المجرّب فارغ العنوان.","https://www.talabat.com/uae/grocery/43429/docib-pharmacy-khalidiyah-mallal-hosn-kha006","2026-10-09","","0","","exp1","unreachable","false","C","","","https://www.docib.com/","true","batch3","2026-10-09","C","سلسلة صيدليات (DOCIB Group) بفروع بعدة إمارات على talabat؛ مصدر ثانوي يذكر شراكتها مع علامة عناية محلية. الموقع المجرّب فارغ العنوان.","اتفاق توريد محتمل","false","false","true","false","false","false","false"
"Faith Pharmacy","AE","الإمارات (على مستوى الدولة)","","Pharmacy chain","https://faithpharmacy.com/","https://faithpharmacy.com/","independent_multibrand_store","متجر مستقل متعدد العلامات (اتفاق مورد غير مؤكد)","false","","","غير معروف","غير معروف","","غير معروف","","غير معروف","","غير معروف","","غير معروف","","200","false","active_uae_unconfirmed","الموقع يعمل لكن لم يظهر ما يدل على الإمارات بالصفحة الرئيسية","site_active_no_program_page_confirmed","true","","","","","","","0","","exp1","needs_review","false","C","","","https://faithpharmacy.com/","true","batch3","2026-10-09","C","متجر/صيدلية فعّال — يحتاج اتفاق مورد (غير مؤكد)","اتفاق توريد محتمل","false","false","true","false","false","false","false"
"Zaitoon Pharmacy","AE","الإمارات (على مستوى الدولة)","","Pharmacy (Ajman)","https://zaitoonpharmacy.com/home/maintenance_mode","https://zaitoonpharmacy.com/","independent_multibrand_store","متجر مستقل متعدد العلامات (اتفاق مورد غير مؤكد)","false","","","غير معروف","غير معروف","","غير معروف","","غير معروف","","غير معروف","","غير معروف","Product cart | Zaitoon Pharmacy","200","true","verified_active_uae","الموقع يعمل ويظهر فيه ما يدل على الإمارات","site_active_no_program_page_confirmed","true","","","","","","","0","","exp1","needs_review","false","C","","","https://zaitoonpharmacy.com/home/maintenance_mode","true","batch3","2026-10-09","C","متجر/صيدلية فعّال — يحتاج اتفاق مورد (غير مؤكد)","اتفاق توريد محتمل","true","false","true","true","true","false","false"
"Glam Beaute","AE","الإمارات (على مستوى الدولة)","","Beauty online","https://glambeaute.com/","https://glambeaute.com/","independent_multibrand_store","متجر مستقل متعدد العلامات (اتفاق مورد غير مؤكد)","false","","","غير معروف","غير معروف","","غير معروف","","غير معروف","","غير معروف","","غير معروف","Buy Beauty, Skincare, Makeup & Fragrances Online in UAE","200","true","verified_active_uae","الموقع يعمل ويظهر فيه ما يدل على الإمارات","site_active_no_program_page_confirmed","true","","","","","","","0","","exp1","needs_review","false","C","المتجر الأونلاين يعمل. صفحة B2B الموجودة عنده لطلبات الشراء بالجملة منه، لا لتوريد علامات له.","","https://glambeaute.com/ | https://glambeaute.com/?s=best+sellers&post_type=product | https://glambeaute.com/affiliate-program/ | https://glambeaute.com/bulk-orders-b2b-enquiries/","true","batch3","2026-10-09","C","متجر/صيدلية فعّال — يحتاج اتفاق مورد (غير مؤكد)","اتفاق توريد محتمل","true","false","true","true","true","false","false"
"K-Secret","AE","الإمارات (على مستوى الدولة)","","K-beauty retailer/distributor","https://www.ksecret.com/","https://www.ksecret.com/","independent_multibrand_store","متجر مستقل متعدد العلامات (اتفاق مورد غير مؤكد)","false","","","غير معروف","غير معروف","","غير معروف","","غير معروف","","غير معروف","","غير معروف","Attention Required! | Cloudflare","403","false","protected_not_verified","الموقع يحجب الفحص الآلي (403/429/تحقق أمني) — لم يُتجاوز. الحالة غير مؤكدة","file_claim_only","false","","C","أكبر متجر K-beauty متعدد العلامات بحسب مقالات (The National / HiDubai) ويظهر كموزع في دليل أعمال؛ الموقع يحجب الفحص. لا مسار موردين منشور.","https://focus.hidubai.com/best-korean-beauty-stores-in-dubai/","2026-10-09","","0","","exp1","needs_review","false","C","","","https://www.ksecret.com/","true","batch1","2026-10-09","C","أكبر متجر K-beauty متعدد العلامات بحسب مقالات (The National / HiDubai) ويظهر كموزع في دليل أعمال؛ الموقع يحجب الفحص. لا مسار موردين منشور.","اتفاق توريد محتمل","false","false","true","false","false","false","false"
"Shofon","AE","الإمارات (على مستوى الدولة)","","K-beauty online","","","independent_multibrand_store","متجر مستقل متعدد العلامات (اتفاق مورد غير مؤكد)","false","","","غير معروف","غير معروف","","غير معروف","","غير معروف","","غير معروف","","غير معروف","","0","false","unreachable","الموقع لم يستجب عند الفحص (قد يكون متوقفاً أو يحجب الطلبات الآلية)","file_claim_only","false","","D","مذكور بدليل Harper's Bazaar كمتجر K-beauty؛ الموقع لم يستجب آلياً.","https://www.harpersbazaararabia.com/beauty/skin-care/where-to-buy-korean-skincare-beauty-kbeauty-uae","2026-10-09","","0","","exp1","unreachable","false","D","","","https://shofon.ae/","true","Harper Bazaar list","2026-10-09","D","مذكور بدليل Harper's Bazaar كمتجر K-beauty؛ الموقع لم يستجب آلياً.","غير مؤكدة","false","true","true","false","false","false","false"
"Chicsta","AE","الإمارات (على مستوى الدولة)","","K-beauty online","https://chicsta.com/","https://chicsta.com/","independent_multibrand_store","متجر مستقل متعدد العلامات (اتفاق مورد غير مؤكد)","false","","","غير معروف","غير معروف","","غير معروف","","غير معروف","","غير معروف","","غير معروف","","200","false","active_uae_unconfirmed","الموقع يعمل لكن لم يظهر ما يدل على الإمارات بالصفحة الرئيسية","site_active_no_program_page_confirmed","false","","D","مذكور كمتجر K-beauty بدليل منشور؛ صفحته الرئيسية تحمّل بلا عنوان أو وصف — نشاطه الحالي غير مؤكد.","https://www.harpersbazaararabia.com/beauty/skin-care/where-to-buy-korean-skincare-beauty-kbeauty-uae","2026-10-09","","0","","exp1","needs_review","false","D","","","https://chicsta.com/","true","Harper Bazaar list","2026-10-09","D","مذكور كمتجر K-beauty بدليل منشور؛ صفحته الرئيسية تحمّل بلا عنوان أو وصف — نشاطه الحالي غير مؤكد.","غير مؤكدة","false","true","true","false","false","false","false"
"Lamise Beauty","AE","الإمارات (على مستوى الدولة)","","K-beauty boutique","https://www.lamisebeauty.com/","https://www.lamisebeauty.com/","independent_multibrand_store","متجر مستقل متعدد العلامات (اتفاق مورد غير مؤكد)","false","","","غير معروف","غير معروف","","غير معروف","","غير معروف","","غير معروف","","غير معروف","Top Korean Beauty products & Skincare at Lamise Beauty UAE &ndash; lamisebeauty","200","true","verified_active_uae","الموقع يعمل ويظهر فيه ما يدل على الإمارات","site_active_no_program_page_confirmed","true","","","","","","","0","","exp1","needs_review","false","C","","","https://www.lamisebeauty.com/","true","oncosmetics","2026-10-09","C","متجر/صيدلية فعّال — يحتاج اتفاق مورد (غير مؤكد)","اتفاق توريد محتمل","true","false","true","true","true","false","false"
"Nessa Beauty","AE","الإمارات (على مستوى الدولة)","","K-beauty online","https://nessabeauty.com/","https://nessabeauty.com/","independent_multibrand_store","متجر مستقل متعدد العلامات (اتفاق مورد غير مؤكد)","false","","","غير معروف","غير معروف","","غير معروف","","غير معروف","","غير معروف","","غير معروف","Nessa Beauty","200","false","active_uae_unconfirmed","الموقع يعمل لكن لم يظهر ما يدل على الإمارات بالصفحة الرئيسية","site_active_no_program_page_confirmed","true","","","","","","","0","","exp1","needs_review","false","C","","","https://nessabeauty.com/","true","Harper Bazaar list","2026-10-09","C","متجر/صيدلية فعّال — يحتاج اتفاق مورد (غير مؤكد)","اتفاق توريد محتمل","false","false","true","false","false","false","false"
"Beauty Korea Dubai","AE","الإمارات (على مستوى الدولة)","","K-beauty distributor/retail","https://beautykoreadubai.com/","https://beautykoreadubai.com/","independent_multibrand_store","متجر مستقل متعدد العلامات (اتفاق مورد غير مؤكد)","false","","","غير معروف","غير معروف","","غير معروف","","غير معروف","","غير معروف","","غير معروف","Beauty Korea Dubai | Korean Skin Care & Makeup Products in UAE","200","true","verified_active_uae","الموقع يعمل ويظهر فيه ما يدل على الإمارات","site_active_no_program_page_confirmed","true","","","","","","","0","","exp1","needs_review","false","C","","","https://beautykoreadubai.com/","true","oncosmetics","2026-10-09","C","متجر/صيدلية فعّال — يحتاج اتفاق مورد (غير مؤكد)","اتفاق توريد محتمل","true","false","true","true","true","false","false"
"Mamoso K-Beauty","AE","الإمارات (على مستوى الدولة)","","K-beauty retail","https://kbeauty.ae/","https://kbeauty.ae/","independent_multibrand_store","متجر مستقل متعدد العلامات (اتفاق مورد غير مؤكد)","false","","","غير معروف","غير معروف","","غير معروف","","غير معروف","","غير معروف","","info@kbeauty.ae","Korean Skincare UAE | K-Beauty Dubai – Kbeauty.ae","200","true","verified_active_uae","الموقع يعمل ويظهر فيه ما يدل على الإمارات","site_active_no_program_page_confirmed","true","","","","","","","0","","exp1","needs_review","false","C","","","https://kbeauty.ae/","true","batch1","2026-10-09","C","متجر/صيدلية فعّال — يحتاج اتفاق مورد (غير مؤكد)","اتفاق توريد محتمل","true","false","true","true","true","false","false"
"Blissology Beauty Supply","AE","الإمارات (على مستوى الدولة)","","Distributor/supplier","","","independent_multibrand_store","متجر مستقل متعدد العلامات (اتفاق مورد غير مؤكد)","false","","","غير معروف","غير معروف","","غير معروف","","غير معروف","","غير معروف","","غير معروف","","0","false","unreachable","الموقع لم يستجب عند الفحص (قد يكون متوقفاً أو يحجب الطلبات الآلية)","file_claim_only","true","","D","موزع/مورّد مذكور بدليل أعمال (Investment Park، دبي)؛ الموقع لم يستجب.","نتيجة بحث عام 9/10/2026","2026-10-09","","0","","exp1","unreachable","false","D","","","https://blissology.ae/","true","oncosmetics","2026-10-09","D","موزع/مورّد مذكور بدليل أعمال (Investment Park، دبي)؛ الموقع لم يستجب.","غير مؤكدة","false","true","true","false","false","false","false"
"Puel Cosmetics","AE","الإمارات (على مستوى الدولة)","","Wholesale hair","https://www.puelcosmetics.com/","https://puelcosmetics.com/","independent_multibrand_store","متجر مستقل متعدد العلامات (اتفاق مورد غير مؤكد)","false","","","غير معروف","غير معروف","","غير معروف","","غير معروف","","غير معروف","","info@puelcosmetics.com","Puel Cosmetics","200","false","active_uae_unconfirmed","الموقع يعمل لكن لم يظهر ما يدل على الإمارات بالصفحة الرئيسية","site_active_no_program_page_confirmed","true","","","","","","","0","","exp1","needs_review","false","C","","","https://www.puelcosmetics.com/","true","oncosmetics","2026-10-09","C","متجر/صيدلية فعّال — يحتاج اتفاق مورد (غير مؤكد)","اتفاق توريد محتمل","false","false","true","false","false","false","false"
"Bulandi Distributors","AE","الإمارات (على مستوى الدولة)","","Distributor FZCO","https://www.bulandidistributors.com/","https://bulandidistributors.com/","independent_multibrand_store","متجر مستقل متعدد العلامات (اتفاق مورد غير مؤكد)","false","","","غير معروف","غير معروف","","غير معروف","","غير معروف","","غير معروف","","غير معروف","Bulandi","200","true","verified_active_uae","الموقع يعمل ويظهر فيه ما يدل على الإمارات","site_active_no_program_page_confirmed","false","","B","موزع في جبل علي (FZCO) يذكر العناية بالبشرة بين مجموعاته في ملف عارض Beautyworld 2022؛ موقعه يعمل لكن صفحته الرئيسية بلا تفاصيل. لا مسار موردين.","https://exhibitor.beautyworldme.com/exhibitor-search-en/exhibitor-search.detail.html/bulandi-distributors-fzco.html","2026-10-09","اتفاق توزيع محتمل","0","","exp1","needs_review","false","C","","","https://www.bulandidistributors.com/","true","Beautyworld exhibitor","2026-10-09","B","موزع في جبل علي (FZCO) يذكر العناية بالبشرة بين مجموعاته في ملف عارض Beautyworld 2022؛ موقعه يعمل لكن صفحته الرئيسية بلا تفاصيل. لا مسار موردين.","اتفاق توزيع محتمل","true","false","true","true","true","false","false"
"Lacot General Trading","AE","الإمارات (على مستوى الدولة)","","FMCG cosmetics distributor","","","independent_multibrand_store","متجر مستقل متعدد العلامات (اتفاق مورد غير مؤكد)","false","","","غير معروف","غير معروف","","غير معروف","","غير معروف","","غير معروف","","غير معروف","","0","false","unreachable","الموقع لم يستجب عند الفحص (قد يكون متوقفاً أو يحجب الطلبات الآلية)","file_claim_only","false","","D","موزع FMCG مستحضرات/مستلزمات شخصية بملف عارض 2022 (بدأ 1992)؛ الموقع لم يستجب — نشاطه الحالي غير مؤكد.","https://exhibitor.beautyworldme.com/exhibitor-search-en/exhibitor-search.detail.html/lacot-general-trading-llc.html","2026-10-09","","0","","exp1","unreachable","false","C","","","https://lacot.ae/","true","Beautyworld exhibitor","2026-10-09","D","موزع FMCG مستحضرات/مستلزمات شخصية بملف عارض 2022 (بدأ 1992)؛ الموقع لم يستجب — نشاطه الحالي غير مؤكد.","غير مؤكدة","false","true","true","false","false","false","false"
"PerfumeUAE","AE","الإمارات (على مستوى الدولة)","","Perfume/cosmetic wholesale","https://perfumeuae.com/","https://perfumeuae.com/","independent_multibrand_store","متجر مستقل متعدد العلامات (اتفاق مورد غير مؤكد)","false","","","غير معروف","غير معروف","","غير معروف","","غير معروف","","غير معروف","","غير معروف","Just a moment...","403","false","protected_not_verified","الموقع يحجب الفحص الآلي (403/429/تحقق أمني) — لم يُتجاوز. الحالة غير مؤكدة","file_claim_only","true","","E","متجر عطور بالدرجة الأولى؛ خارج نطاق العناية بالبشرة والشعر.","نتيجة بحث عام 9/10/2026","2026-10-09","","0","","exp1","needs_review","false","D","","","https://perfumeuae.com/","true","oncosmetics","2026-10-09","E","متجر عطور بالدرجة الأولى؛ خارج نطاق العناية بالبشرة والشعر.","غير مناسبة","false","false","true","false","false","false","false"
"Alshaya Group","AE","الإمارات (على مستوى الدولة)","","Retail group / franchise","https://www.alshaya.com/","https://www.alshaya.com/","independent_multibrand_store","متجر مستقل متعدد العلامات (اتفاق مورد غير مؤكد)","false","","","غير معروف","غير معروف","","غير معروف","","غير معروف","","غير معروف","","غير معروف","Attention Required! | Cloudflare","403","false","protected_not_verified","الموقع يحجب الفحص الآلي (403/429/تحقق أمني) — لم يُتجاوز. الحالة غير مؤكدة","file_claim_only","false","","D","مجموعة امتياز (Ulta Beauty UAE وغيرها) تحجب الفحص؛ التوريد يمر عبر العلامات التابعة.","https://www.alshaya.com/","2026-10-09","","0","","exp1","needs_review","false","D","","","https://www.alshaya.com/","true","directory knowledge","2026-10-09","D","مجموعة امتياز (Ulta Beauty UAE وغيرها) تحجب الفحص؛ التوريد يمر عبر العلامات التابعة.","غير مؤكدة","false","true","true","false","false","false","false"
"Landmark Group","AE","الإمارات (على مستوى الدولة)","","Retail group","https://www.landmarkgroup.com/","https://www.landmarkgroup.com/","independent_multibrand_store","متجر مستقل متعدد العلامات (اتفاق مورد غير مؤكد)","false","","","غير معروف","غير معروف","","غير معروف","","غير معروف","","غير معروف","","غير معروف","Just a moment...","403","false","protected_not_verified","الموقع يحجب الفحص الآلي (403/429/تحقق أمني) — لم يُتجاوز. الحالة غير مؤكدة","file_claim_only","false","","D","مجموعة تجزئة تحجب الفحص؛ لا مسار موردين منشور.","نتيجة بحث عام 9/10/2026","2026-10-09","","0","","exp1","needs_review","false","D","","","https://www.landmarkgroup.com/","true","directory knowledge","2026-10-09","D","مجموعة تجزئة تحجب الفحص؛ لا مسار موردين منشور.","غير مؤكدة","false","true","true","false","false","false","false"
"Al Tayer Group","AE","الإمارات (على مستوى الدولة)","","Retail group","https://www.altayer.com/","https://www.altayer.com/","independent_multibrand_store","متجر مستقل متعدد العلامات (اتفاق مورد غير مؤكد)","false","","","غير معروف","غير معروف","","غير معروف","","غير معروف","","غير معروف","","غير معروف","Al Tayer Group of Companies, UAE | Automotive, Retail, Real Estate & Ventures","200","true","verified_active_uae","الموقع يعمل ويظهر فيه ما يدل على الإمارات","site_active_no_program_page_confirmed","false","","D","مجموعة (Ounass، Wojooh، Areej…) موقعها عام بلا مسار موردين.","https://www.altayer.com/","2026-10-09","","0","","exp1","needs_review","false","D","","","https://www.altayer.com/ | https://www.altayer.com/our-businesses/ventures | https://www.altayer.com/news-and-events/al-tayer-insignia-partners-beacon-hope-retail-wide-charity-initiative-during","true","directory knowledge","2026-10-09","D","مجموعة (Ounass، Wojooh، Areej…) موقعها عام بلا مسار موردين.","غير مؤكدة","true","true","true","true","false","false","false"
"Majid Al Futtaim","AE","الإمارات (على مستوى الدولة)","","Retail group","https://www.majidalfuttaim.com/","https://www.majidalfuttaim.com/","supplier_or_brand_application","تقديم كمورد / علامة تجارية","true","","https://www.majidalfuttaim.com/en/what-we-do/partner-with-us","غير معروف","غير معروف","","غير معروف","","غير معروف","","غير معروف","","غير معروف","Majid Al Futtaim Malls, Hotels & Lifestyle Brands | Majid Al Futtaim","200","true","verified_active_uae","الموقع يعمل ويظهر فيه ما يدل على الإمارات","official_page_fetched","false","","","","","","","0","","exp1","verified","false","C","صفحة «Partner with us» عامة للمجموعة (عقارات/تجزئة)، مو نموذج توريد تجميل بعينه.","","https://www.majidalfuttaim.com/ | https://www.majidalfuttaim.com/en/what-we-do/partner-with-us","true","directory knowledge","2026-10-09","C","مسار مورد/علامة رسمي أو شراكة — القبول غير مؤكد","تقديم مورد","true","false","true","true","true","true","false"
"Rivoli Group","AE","الإمارات (على مستوى الدولة)","","Retail/distribution","","","independent_multibrand_store","متجر مستقل متعدد العلامات (اتفاق مورد غير مؤكد)","false","","","غير معروف","غير معروف","","غير معروف","","غير معروف","","غير معروف","","غير معروف","","0","false","unreachable","الموقع لم يستجب عند الفحص (قد يكون متوقفاً أو يحجب الطلبات الآلية)","file_claim_only","false","","D","مجموعة تجزئة/توزيع لم يستجب موقعها.","نتيجة بحث عام 9/10/2026","2026-10-09","","0","","exp1","unreachable","false","D","","","https://www.rivoli.ae/","true","directory knowledge","2026-10-09","D","مجموعة تجزئة/توزيع لم يستجب موقعها.","غير مؤكدة","false","true","true","false","false","false","false"
"Jashanmal","AE","الإمارات (على مستوى الدولة)","","Retail/distribution","","","independent_multibrand_store","متجر مستقل متعدد العلامات (اتفاق مورد غير مؤكد)","false","","","غير معروف","غير معروف","","غير معروف","","غير معروف","","غير معروف","","غير معروف","","0","false","unreachable","الموقع لم يستجب عند الفحص (قد يكون متوقفاً أو يحجب الطلبات الآلية)","file_claim_only","false","","D","شركة تجزئة/توزيع قديمة (ذُكرت كشريك Coty Distribution Emirates مع Chalhoub، مصدر ثانوي 2014)؛ صفحة «About Us» فقط ظهرت — لا مسار موردين.","https://jashanmal.ae/","2026-10-09","","0","","exp1","unreachable","false","D","","","https://www.jashanmal.ae/","true","directory knowledge","2026-10-09","D","شركة تجزئة/توزيع قديمة (ذُكرت كشريك Coty Distribution Emirates مع Chalhoub، مصدر ثانوي 2014)؛ صفحة «About Us» فقط ظهرت — لا مسار موردين.","غير مؤكدة","false","true","true","false","false","false","false"
"Snapchat Business","AE","الإمارات (على مستوى الدولة)","","Social commerce/ads","https://forbusiness.snapchat.com/","https://forbusiness.snapchat.com/","independent_multibrand_store","متجر مستقل متعدد العلامات (اتفاق مورد غير مؤكد)","false","","","غير معروف","غير معروف","","غير معروف","","غير معروف","","غير معروف","","غير معروف","Snapchat Ads: Reach Gen Z and Millennials | Snapchat for Business","200","false","active_uae_unconfirmed","الموقع يعمل لكن لم يظهر ما يدل على الإمارات بالصفحة الرئيسية","site_active_no_program_page_confirmed","false","","D","منصة إعلانات؛ لا دليل على متجر تجزئة عبر Snapchat للإمارات.","https://forbusiness.snapchat.com/","2026-10-09","","0","","exp1","needs_review","false","D","","","https://forbusiness.snapchat.com/ | https://forbusiness.snapchat.com/resources/partners","true","directory knowledge","2026-10-09","D","منصة إعلانات؛ لا دليل على متجر تجزئة عبر Snapchat للإمارات.","غير مؤكدة","false","true","true","false","false","false","false"
"Facebook Marketplace / Meta Business","AE","الإمارات (على مستوى الدولة)","","Social commerce","","","independent_multibrand_store","متجر مستقل متعدد العلامات (اتفاق مورد غير مؤكد)","false","","","غير معروف","غير معروف","","غير معروف","","غير معروف","","غير معروف","","غير معروف","Error","400","false","unreachable","HTTP 400","file_claim_only","false","","D","قناة إعلانات/إعلانات مبوبة؛ الموقع لم يستجب.","نتيجة بحث عام 9/10/2026","2026-10-09","","0","","exp1","unreachable","false","D","","","https://business.facebook.com/","true","directory knowledge","2026-10-09","D","قناة إعلانات/إعلانات مبوبة؛ الموقع لم يستجب.","غير مؤكدة","false","true","true","false","false","false","false"
"Ubuy UAE","AE","الإمارات (على مستوى الدولة)","","Cross-border marketplace","https://www.ubuy.ae/","https://www.ubuy.ae/","independent_multibrand_store","متجر مستقل متعدد العلامات (اتفاق مورد غير مؤكد)","false","","","غير معروف","غير معروف","","غير معروف","","غير معروف","","غير معروف","","غير معروف","Just a moment...","403","false","protected_not_verified","الموقع يحجب الفحص الآلي (403/429/تحقق أمني) — لم يُتجاوز. الحالة غير مؤكدة","file_claim_only","false","","D","سوق عابر للحدود يحجب الفحص؛ ليس قناة بيع مباشرة للموردين.","نتيجة بحث عام 9/10/2026","2026-10-09","","0","","exp1","needs_review","false","D","","","https://www.ubuy.ae/","true","directory knowledge","2026-10-09","D","سوق عابر للحدود يحجب الفحص؛ ليس قناة بيع مباشرة للموردين.","غير مؤكدة","false","true","true","false","false","false","false"
"Alibaba.com UAE","AE","الإمارات (على مستوى الدولة)","","Global B2B marketplace","","","independent_multibrand_store","متجر مستقل متعدد العلامات (اتفاق مورد غير مؤكد)","false","","","غير معروف","غير معروف","","غير معروف","","غير معروف","","غير معروف","","غير معروف","","0","false","unreachable","الموقع لم يستجب عند الفحص (قد يكون متوقفاً أو يحجب الطلبات الآلية)","file_claim_only","false","","D","سوق B2B عالمي لم يستجب موقعه؛ ليس قناة إماراتية.","نتيجة بحث عام 9/10/2026","2026-10-09","","0","","exp1","unreachable","false","D","","","https://uae.alibaba.com/","true","directory knowledge","2026-10-09","D","سوق B2B عالمي لم يستجب موقعه؛ ليس قناة إماراتية.","غير مؤكدة","false","true","true","false","false","false","false"
"YesStyle","AE","الإمارات (على مستوى الدولة)","","International K-beauty ships UAE","https://www.yesstyle.com/en/home.html","https://www.yesstyle.com/en/home.html","independent_multibrand_store","متجر مستقل متعدد العلامات (اتفاق مورد غير مؤكد)","false","","","غير معروف","غير معروف","","غير معروف","","غير معروف","","غير معروف","","غير معروف","Beauty, Skin Care, and Health and Wellness | YesStyle","200","false","active_uae_unconfirmed","الموقع يعمل لكن لم يظهر ما يدل على الإمارات بالصفحة الرئيسية","site_active_no_program_page_confirmed","true","","","","","","","0","","exp1","needs_review","false","C","","","https://www.yesstyle.com/en/home.html | https://www.yesstyle.com/en/beauty-beauty/list.html/bcc.15478_bpt.46?sb=136 | https://www.yesstyle.com/en/health-health-beauty-supplements/list.html/bcc.15164_bpt.46?sb=136 | https://www.yesstyle.com/en/lifestyle-home-lifestyle/list.html/bcc.15726_bpt.46?sb=136 | https://www.yesstyle.com/en/affiliate-program.html","true","batch3","2026-10-09","C","متجر/صيدلية فعّال — يحتاج اتفاق مورد (غير مؤكد)","اتفاق توريد محتمل","false","false","true","false","false","false","false"
"StyleKorean","AE","الإمارات (على مستوى الدولة)","","International K-beauty","https://www.stylekorean.com/","https://www.stylekorean.com/","independent_multibrand_store","متجر مستقل متعدد العلامات (اتفاق مورد غير مؤكد)","false","","","غير معروف","غير معروف","","غير معروف","","غير معروف","","غير معروف","","غير معروف","STYLEKOREAN.COM | Shop Korea's Best Skincare & Beauty Products","200","false","active_uae_unconfirmed","الموقع يعمل لكن لم يظهر ما يدل على الإمارات بالصفحة الرئيسية","site_active_no_program_page_confirmed","true","","","","","","","0","","exp1","needs_review","false","C","","","https://www.stylekorean.com/ | https://www.stylekorean.com/cs/do-not-sell | https://www.stylekorean.com/promotion/180 | https://www.stylekorean.com/affiliate | https://www.stylekorean.com/product/skinny-lab-timedeal-inner-retinol-c-booster-duo-60-sticks-2-months-supply/1733722645","true","directory knowledge","2026-10-09","C","متجر/صيدلية فعّال — يحتاج اتفاق مورد (غير مؤكد)","اتفاق توريد محتمل","false","false","true","false","false","false","false"
"Cosmopolitan Beauty Trading","AE","الإمارات (على مستوى الدولة)","","Salon-supply distributor + online store (Dubai)","https://cosmopolitantrading.odoo.com/","https://cosmopolitantrading.odoo.com/","independent_multibrand_store","متجر مستقل متعدد العلامات (اتفاق مورد غير مؤكد)","false","","","غير معروف","غير معروف","","غير معروف","","غير معروف","","غير معروف","","غير معروف","cosmopolitantrading","200","true","verified_active_uae","الموقع يعمل ويظهر فيه ما يدل على الإمارات","site_active_no_program_page_confirmed","true","","","","","","","0","","exp2","needs_review","false","C","","","https://cosmopolitantrading.odoo.com/","true","web search: salon supply","2026-10-09","C","متجر/صيدلية فعّال — يحتاج اتفاق مورد (غير مؤكد)","اتفاق توريد محتمل","true","false","true","true","true","false","false"
"Planet of Beauty Cosmetics Trading","AE","الإمارات (على مستوى الدولة)","","Salon-supply distributor (Abu Dhabi)","https://sites.google.com/view/planetofbeauty","https://sites.google.com/view/planetofbeauty","independent_multibrand_store","متجر مستقل متعدد العلامات (اتفاق مورد غير مؤكد)","false","","","غير معروف","غير معروف","","غير معروف","","غير معروف","","غير معروف","","غير معروف","PLANET OF BEAUTY COSMETICS TRADING","200","true","verified_active_uae","الموقع يعمل ويظهر فيه ما يدل على الإمارات","site_active_no_program_page_confirmed","true","","","","","","","0","","exp2","needs_review","false","C","","","https://sites.google.com/view/planetofbeauty | https://sites.google.com/view/planetofbeauty/blogs-and-news/the-best-professional-hair-color-supplier-in-abu-dhabi | https://sites.google.com/view/planetofbeauty/blogs-and-news/the-best-salon-furniture-supplier-in-abu-dhabi | https://sites.google.com/view/planetofbeauty/blogs-and-news/salon-equipment-supplier-abu-dhabi | https://sites.google.com/view/planetofbeauty/blogs-and-news/best-professional-nail-products-supplier-in-uae","true","web search: salon supply","2026-10-09","C","متجر/صيدلية فعّال — يحتاج اتفاق مورد (غير مؤكد)","اتفاق توريد محتمل","true","false","true","true","true","false","false"
"Lavie Beauty & Cosmetics","AE","الإمارات (على مستوى الدولة)","","Salon-supply online/warehouse (Ajman)","https://laviecosmetics.odoo.com/","https://laviecosmetics.odoo.com/","independent_multibrand_store","متجر مستقل متعدد العلامات (اتفاق مورد غير مؤكد)","false","","","غير معروف","غير معروف","","غير معروف","","غير معروف","","غير معروف","","غير معروف","Home | Lavie Cosmetics Trading","200","false","active_uae_unconfirmed","الموقع يعمل لكن لم يظهر ما يدل على الإمارات بالصفحة الرئيسية","site_active_no_program_page_confirmed","true","","","","","","","0","","exp2","needs_review","false","C","","","https://laviecosmetics.odoo.com/","true","web search: salon supply","2026-10-09","C","متجر/صيدلية فعّال — يحتاج اتفاق مورد (غير مؤكد)","اتفاق توريد محتمل","false","false","true","false","false","false","false"
"Starlink Drug Store","AE","الإمارات (على مستوى الدولة)","","Pharma/derma distributor (directory listing)","https://www.cphi-online.com/company/starlink-drug-store-llc/","https://www.cphi-online.com/company/starlink-drug-store-llc/","independent_multibrand_store","متجر مستقل متعدد العلامات (اتفاق مورد غير مؤكد)","false","","","غير معروف","غير معروف","","غير معروف","","غير معروف","","غير معروف","","غير معروف","Attention Required! | Cloudflare","403","false","protected_not_verified","الموقع يحجب الفحص الآلي (403/429/تحقق أمني) — لم يُتجاوز. الحالة غير مؤكدة","file_claim_only","false","","D","موزع أدوية/ديرما حسب دليل CPHI؛ الصفحة تحجب الفحص ولا موقع رسمي معروف.","https://www.cphi-online.com/company/starlink-drug-store-llc/","2026-10-09","","0","","exp2","needs_review","false","D","","","https://www.cphi-online.com/company/starlink-drug-store-llc/","true","web search: dermocosmetic distributors","2026-10-09","D","موزع أدوية/ديرما حسب دليل CPHI؛ الصفحة تحجب الفحص ولا موقع رسمي معروف.","غير مؤكدة","false","true","true","false","false","false","false"
"Pharmalink (Medicina operator)","AE","الإمارات (على مستوى الدولة)","","Pharma distributor + pharmacy chain","https://pharmalink.ae/","https://www.pharmalink.ae/","wholesale_distribution","بيع بالجملة / توزيع","true","","https://pharmalink.ae/contact/","أدوية ومنتجات صحية/عناية (حسب بحث)؛ التجميل غير مؤكد","غير معروف","","غير معروف","","غير معروف","","غير معروف","","+971 4 371 3777 | +971 2 304 2000 | نموذج Alliance & Partnership بصفحة التواصل","PHARMALINK - “Quality Redefined, Life Reimagined”","200","true","verified_active_uae","الموقع يعمل ويظهر فيه ما يدل على الإمارات","official_page_fetched","false","","","","","","","9","موزع أدوية ومنتجات صحية بصفحة «Partner with us» رسمية ويشغّل سلسلة Medicina بحسب مصدر ثانوي — بوابة محتملة لقناة الصيدليات. فئة التجميل غير مؤكدة.","exp2","verified","false","B","موزع أدوية ومشغّل صيدليات Medicina بحسب مصدر ثانوي؛ الصفحة الرسمية فيها مسار «Partner with us» ولوجستيات توزيع.","","https://pharmalink.ae/ | https://pharmalink.ae/partner/ | https://pharmalink.ae/logistics-supply-and-distribution/","true","web search: dermocosmetic distributors","2026-10-09","B","قناة جملة/توزيع/B2B بمسار رسمي موثّق","اتفاق توزيع محتمل","true","false","true","true","true","true","false"
"Skin Garden","AE","الإمارات (على مستوى الدولة)","","K-beauty online (3 brands)","","","independent_multibrand_store","متجر مستقل متعدد العلامات (اتفاق مورد غير مؤكد)","false","","","غير معروف","غير معروف","","غير معروف","","غير معروف","","غير معروف","","غير معروف","","0","false","unreachable","الموقع لم يستجب عند الفحص (قد يكون متوقفاً أو يحجب الطلبات الآلية)","file_claim_only","true","","D","يُذكر بدليل HiDubai متجراً لـ3 علامات كورية؛ النطاق المجرّب لم يستجب، والنتيجة الوحيدة المطابقة للاسم شركة يابانية (skingarden.jp). كيان إماراتي غير مؤكد.","https://focus.hidubai.com/best-korean-beauty-stores-in-dubai/","2026-10-09","","0","","exp2","unreachable","false","D","","","https://skingarden.ae/","true","HiDubai K-beauty list","2026-10-09","D","يُذكر بدليل HiDubai متجراً لـ3 علامات كورية؛ النطاق المجرّب لم يستجب، والنتيجة الوحيدة المطابقة للاسم شركة يابانية (skingarden.jp). كيان إماراتي غير مؤكد.","غير مؤكدة","false","true","true","false","false","false","false"
"1004 Gourmet","AE","الإمارات (على مستوى الدولة)","","K-food/K-beauty retail","https://1004gourmet.com/","https://1004gourmet.com/","independent_multibrand_store","متجر مستقل متعدد العلامات (اتفاق مورد غير مؤكد)","false","","","غير معروف","غير معروف","","غير معروف","","غير معروف","","غير معروف","","info@1004gourmet.com","1004 Gourmet UAE | Asian & Korean Groceries Online in Dubai","200","true","verified_active_uae","الموقع يعمل ويظهر فيه ما يدل على الإمارات","site_active_no_program_page_confirmed","false","","D","سلسلة أغذية كورية تستضيف ركن Lamise Beauty؛ صفحات الجملة فيها لبيع الفنادق لا لتوريد العلامات.","https://1004gourmet.com/pages/wholesale-hotels","2026-10-09","","0","","exp2","needs_review","false","D","","","https://1004gourmet.com/ | https://1004gourmet.com/pages/wholesale-hotels | https://1004gourmet.com/pages/wholesale-bulk","true","HiDubai K-beauty list","2026-10-09","D","سلسلة أغذية كورية تستضيف ركن Lamise Beauty؛ صفحات الجملة فيها لبيع الفنادق لا لتوريد العلامات.","غير مؤكدة","true","true","true","true","false","false","false"
"K-Beauty on Dubai","AE","الإمارات (على مستوى الدولة)","","K-beauty retail","","","independent_multibrand_store","متجر مستقل متعدد العلامات (اتفاق مورد غير مؤكد)","false","","","غير معروف","غير معروف","","غير معروف","","غير معروف","","غير معروف","","غير معروف","","0","false","unreachable","الموقع لم يستجب عند الفحص (قد يكون متوقفاً أو يحجب الطلبات الآلية)","file_claim_only","true","","D","افتتاح متجر مذكور في Gulf News؛ الموقع لم يستجب.","https://gulfnews.com/business/corporate-news/dubai-welcomes-the-ultimate-k-beauty-experience-with-the-grand-opening-of-k-beauty-on-dubai-1.1696235183332","2026-10-09","","0","","exp2","unreachable","false","D","","","https://kbeautyondubai.com/","true","Gulf News opening article","2026-10-09","D","افتتاح متجر مذكور في Gulf News؛ الموقع لم يستجب.","غير مؤكدة","false","true","true","false","false","false","false"
"Dragon Mart online","AE","الإمارات (على مستوى الدولة)","","General marketplace-retail","https://www.dragonmart.ae/en","https://www.dragonmart.ae/","independent_multibrand_store","متجر مستقل متعدد العلامات (اتفاق مورد غير مؤكد)","false","","","غير معروف","غير معروف","","غير معروف","","غير معروف","","غير معروف","","غير معروف","Dragon Mart | The Largest Chinese Market in Dubai","200","true","verified_active_uae","الموقع يعمل ويظهر فيه ما يدل على الإمارات","site_active_no_program_page_confirmed","false","","D","سوق جملة/تجزئة عبر الإنترنت بحسب مصدر ثانوي (فئات منها الجمال والصحة، يوصل داخل الإمارات)؛ الموقع يعمل لكن لا صفحة تسجيل بائع ظاهرة.","https://salaamgateway.com/story/dubais-dragon-mart-goes-online-with-new-e-commerce-platform","2026-10-09","","0","","exp2","needs_review","false","D","","","https://www.dragonmart.ae/en","true","Shuraa marketplaces list","2026-10-09","D","سوق جملة/تجزئة عبر الإنترنت بحسب مصدر ثانوي (فئات منها الجمال والصحة، يوصل داخل الإمارات)؛ الموقع يعمل لكن لا صفحة تسجيل بائع ظاهرة.","غير مؤكدة","true","true","true","true","false","false","false"
"Brands For Less","AE","الإمارات (على مستوى الدولة)","","Off-price retail online","https://www.brandsforless.com/en-ae","https://www.brandsforless.com/en-ae","independent_multibrand_store","متجر مستقل متعدد العلامات (اتفاق مورد غير مؤكد)","false","","","غير معروف","غير معروف","","غير معروف","","غير معروف","","غير معروف","","غير معروف","Access denied | www.brandsforless.com used Cloudflare to restrict access | www.brandsforless.com | Cloudflare","403","true","protected_not_verified","الموقع يحجب الفحص الآلي (403/429/تحقق أمني) — لم يُتجاوز. الحالة غير مؤكدة","file_claim_only","false","","D","متجر تخفيضات يحجب الفحص؛ نموذجه شراء بالجملة من فائض المخزون وليس علامات جديدة.","نتيجة بحث عام 9/10/2026","2026-10-09","","0","","exp2","needs_review","false","D","","","https://www.brandsforless.com/en-ae","true","directory knowledge","2026-10-09","D","متجر تخفيضات يحجب الفحص؛ نموذجه شراء بالجملة من فائض المخزون وليس علامات جديدة.","غير مؤكدة","false","true","true","false","false","false","false"
"Beauty Apotheca","AE","الإمارات (على مستوى الدولة)","","Boutique beauty retailer","","","independent_multibrand_store","متجر مستقل متعدد العلامات (اتفاق مورد غير مؤكد)","false","","","غير معروف","غير معروف","","غير معروف","","غير معروف","","غير معروف","","غير معروف","","0","false","unreachable","الموقع لم يستجب عند الفحص (قد يكون متوقفاً أو يحجب الطلبات الآلية)","file_claim_only","true","","D","بوتيك مرتبط بمنصة Go To Beauty (Emirates Woman)؛ الموقع المجرّب لم يستجب.","نتيجة بحث عام 9/10/2026","2026-10-09","","0","","exp2","unreachable","false","D","","","https://www.beautyapotheca.com/","true","Emirates Woman article","2026-10-09","D","بوتيك مرتبط بمنصة Go To Beauty (Emirates Woman)؛ الموقع المجرّب لم يستجب.","غير مؤكدة","false","true","true","false","false","false","false"
"K Beauty Souq","AE","الإمارات (توصيل وطني)","","K-beauty online","https://kbeautysouq.com/","https://kbeautysouq.com/","direct_seller_registration","تسجيل مباشر كبائع Marketplace","true","https://kbeautysouq.com/sell-with-us/","","K-beauty: عناية بشرة ومكياج","النموذج الرسمي: الرخصة التجارية ورقم VAT حقول اختيارية؛ الإلزامي: اسم النشاط وجهة اتصال وبريد وجوال","https://kbeautysouq.com/sell-with-us/","غير معروف","","غير معلن","","غير معروف","","support@kbeautysouq.com","KBeautySouq | Authentic Korean Skincare & Makeup in Dubai & UAE","200","true","verified_active_uae","الموقع يعمل ويظهر فيه ما يدل على الإمارات","official_page_fetched","true","","","","","","","5","نموذج «تاجر سوق» رسمي بلا اشتراط رخصة بالنموذج. المتجر يعرض «100% Authentic Korean beauty» (28 علامة كورية) ولم يُنصّ على قبول علامات غير كورية — قد يرفض LOWE'S (علامة تركية).","exp3","verified","true","A","الشركة المشغّلة FEXINVA LLC (الإمارات) بحسب التذييل. السياسة العامة تقول «Products may be sold by different merchants and brands». العمولة وشروط التاجر والفئات المقبولة: غير منصوصة. التواصل العام: support@kbeautysouq.com.","","https://kbeautysouq.com/ | https://kbeautysouq.com/products/?explore=mostselling | https://kbeautysouq.com/sell-with-us/ | https://kbeautysouq.com/affiliate-program/ | https://kbeautysouq.com/affiliate/login/","true","DDG: korean skincare online store UAE","2026-10-09","A","تسجيل بائع مباشر موثّق من صفحة رسمية","تسجيل مباشر","true","false","true","true","true","true","false"
"Skin Korea","AE","الإمارات (على مستوى الدولة)","","K-beauty online","https://skinkorea.ae/","https://skinkorea.ae/","independent_multibrand_store","متجر مستقل متعدد العلامات (اتفاق مورد غير مؤكد)","false","","","غير معروف","غير معروف","","غير معروف","","غير معروف","","غير معروف","","غير معروف","Skinkorea: Your Source for Korean Beauty in UAE","200","true","verified_active_uae","الموقع يعمل ويظهر فيه ما يدل على الإمارات","site_active_no_program_page_confirmed","true","","","","","","","0","","exp3","needs_review","false","C","","","https://skinkorea.ae/","true","DDG: korean skincare online store UAE","2026-10-09","C","متجر/صيدلية فعّال — يحتاج اتفاق مورد (غير مؤكد)","اتفاق توريد محتمل","true","false","true","true","true","false","false"
"Korean Skincare Arabia","AE","الإمارات (على مستوى الدولة)","","K-beauty online","https://koreanskincarearabia.com/","https://koreanskincarearabia.com/","independent_multibrand_store","متجر مستقل متعدد العلامات (اتفاق مورد غير مؤكد)","false","","","غير معروف","غير معروف","","غير معروف","","غير معروف","","غير معروف","","support@koreanskincarearabia.com","Korean Skincare Arabia | Authentic K-Beauty Direct from Seoul to UAE","200","true","verified_active_uae","الموقع يعمل ويظهر فيه ما يدل على الإمارات","site_active_no_program_page_confirmed","true","","","","","","","0","","exp3","needs_review","false","C","","","https://koreanskincarearabia.com/","true","DDG","2026-10-09","C","متجر/صيدلية فعّال — يحتاج اتفاق مورد (غير مؤكد)","اتفاق توريد محتمل","true","false","true","true","true","false","false"
"Seoul Routine","AE","الإمارات (على مستوى الدولة)","","K-beauty online","https://seoulroutine.com/en","https://seoulroutine.com/","independent_multibrand_store","متجر مستقل متعدد العلامات (اتفاق مورد غير مؤكد)","false","","","غير معروف","غير معروف","","غير معروف","","غير معروف","","غير معروف","","support@seoulroutine.com","Seoul Routine | Authentic Korean Skincare in the UAE & Gulf","200","true","verified_active_uae","الموقع يعمل ويظهر فيه ما يدل على الإمارات","site_active_no_program_page_confirmed","true","","","","","","","0","","exp3","needs_review","false","C","","","https://seoulroutine.com/en | https://seoulroutine.com/en/product/dr-althea-345-relief-cream","true","DDG","2026-10-09","C","متجر/صيدلية فعّال — يحتاج اتفاق مورد (غير مؤكد)","اتفاق توريد محتمل","true","false","true","true","true","false","false"
"Argana Beauty","AE","الإمارات (على مستوى الدولة)","","Beauty online","https://arganabeauty.ae/","https://arganabeauty.ae/","independent_multibrand_store","متجر مستقل متعدد العلامات (اتفاق مورد غير مؤكد)","false","","","غير معروف","غير معروف","","غير معروف","","غير معروف","","غير معروف","","غير معروف","Korean Skincare in UAE – COSRX, ANUA, SKIN1004 | Argana Beauty &ndash; arganabeauty.ae","200","true","verified_active_uae","الموقع يعمل ويظهر فيه ما يدل على الإمارات","site_active_no_program_page_confirmed","true","","","","","","","0","","exp3","needs_review","false","C","","","https://arganabeauty.ae/ | https://arganabeauty.ae/collections/karsell","true","DDG","2026-10-09","C","متجر/صيدلية فعّال — يحتاج اتفاق مورد (غير مؤكد)","اتفاق توريد محتمل","true","false","true","true","true","false","false"
"Beautfy","AE","الإمارات (على مستوى الدولة)","","Beauty online","https://beautfy.ae/","https://beautfy.ae/","independent_multibrand_store","متجر مستقل متعدد العلامات (اتفاق مورد غير مؤكد)","false","","","غير معروف","غير معروف","","غير معروف","","غير معروف","","غير معروف","","غير معروف","Beautfy.ae | Dubai's Exclusive Korean Skincare & Makeup Store","200","true","verified_active_uae","الموقع يعمل ويظهر فيه ما يدل على الإمارات","site_active_no_program_page_confirmed","true","","","","","","","0","","exp3","needs_review","false","C","","","https://beautfy.ae/ | https://beautfy.ae/search?type=product&options%5Bfields%5D=title,tag,vendor,product_type,variants.title,variants.sku&options%5Bunavailable_products%5D=&options%5Bprefix%5D=last&q=Lip%20gloss | https://beautfy.ae/search?type=product&options%5Bfields%5D=title,tag,vendor,product_type,variants.title,variants.sku&options%5Bunavailable_products%5D=&options%5Bprefix%5D=last&q=Patrick%20Ta | https://beautfy.ae/search?type=product&options%5Bfields%5D=title,tag,vendor,product_type,variants.title,variants.sku&options%5Bunavailable_products%5D=&options%5Bprefix%5D=last&q=Eyeshadow","true","DDG","2026-10-09","C","متجر/صيدلية فعّال — يحتاج اتفاق مورد (غير مؤكد)","اتفاق توريد محتمل","true","false","true","true","true","false","false"
"8 Bliss Beauty","AE","الإمارات (على مستوى الدولة)","","Beauty online","https://8blissbeauty.com/","https://8blissbeauty.com/","independent_multibrand_store","متجر مستقل متعدد العلامات (اتفاق مورد غير مؤكد)","false","","","غير معروف","غير معروف","","غير معروف","","غير معروف","","غير معروف","","sales@8blissbeauty.com","Korean Skincare & Makeup in UAE | 8 Bliss Beauty","200","true","verified_active_uae","الموقع يعمل ويظهر فيه ما يدل على الإمارات","site_active_no_program_page_confirmed","true","","","","","","","0","","exp3","needs_review","false","C","","","https://8blissbeauty.com/","true","DDG","2026-10-09","C","متجر/صيدلية فعّال — يحتاج اتفاق مورد (غير مؤكد)","اتفاق توريد محتمل","true","false","true","true","true","false","false"
"Al Sultana","AE","الإمارات (على مستوى الدولة)","","Beauty/natural online","https://alsultana.me/","https://alsultana.me/","independent_multibrand_store","متجر مستقل متعدد العلامات (اتفاق مورد غير مؤكد)","false","","","غير معروف","غير معروف","","غير معروف","","غير معروف","","غير معروف","","Contact@alsultana.me","Al Sultana Beauty | shop Korean & Thai Beauty Online UAE","200","true","verified_active_uae","الموقع يعمل ويظهر فيه ما يدل على الإمارات","site_active_no_program_page_confirmed","true","","","","","","","0","","exp3","needs_review","false","C","","","https://alsultana.me/","true","DDG","2026-10-09","C","متجر/صيدلية فعّال — يحتاج اتفاق مورد (غير مؤكد)","اتفاق توريد محتمل","true","false","true","true","true","false","false"
"Bella Vest","AE","الإمارات (على مستوى الدولة)","","Beauty online","https://bellavest.ae/","https://bellavest.ae/","independent_multibrand_store","متجر مستقل متعدد العلامات (اتفاق مورد غير مؤكد)","false","","","غير معروف","غير معروف","","غير معروف","","غير معروف","","غير معروف","","info@bellavest.ae","Korean Skincare UAE | K-Beauty Online | Bellavest","200","true","verified_active_uae","الموقع يعمل ويظهر فيه ما يدل على الإمارات","site_active_no_program_page_confirmed","true","","","","","","","0","","exp3","needs_review","false","C","","","https://bellavest.ae/","true","DDG","2026-10-09","C","متجر/صيدلية فعّال — يحتاج اتفاق مورد (غير مؤكد)","اتفاق توريد محتمل","true","false","true","true","true","false","false"
"Relia Beauty","AE","الإمارات (على مستوى الدولة)","","Beauty online","https://reliabeauty.com/","https://reliabeauty.com/","independent_multibrand_store","متجر مستقل متعدد العلامات (اتفاق مورد غير مؤكد)","false","","","غير معروف","غير معروف","","غير معروف","","غير معروف","","غير معروف","","sales@reliabeauty.com","Korean Skincare UAE | Authentic K-Beauty | RELIA BEAUTY","200","true","verified_active_uae","الموقع يعمل ويظهر فيه ما يدل على الإمارات","site_active_no_program_page_confirmed","true","","","","","","","0","","exp3","needs_review","false","C","","","https://reliabeauty.com/","true","DDG","2026-10-09","C","متجر/صيدلية فعّال — يحتاج اتفاق مورد (غير مؤكد)","اتفاق توريد محتمل","true","false","true","true","true","false","false"
"K Belle Bliss","AE","الإمارات (على مستوى الدولة)","","K-beauty online","https://kbellebliss.ae/en-ae","https://kbellebliss.ae/","independent_multibrand_store","متجر مستقل متعدد العلامات (اتفاق مورد غير مؤكد)","false","","","غير معروف","غير معروف","","غير معروف","","غير معروف","","غير معروف","","info@kbellebliss.ae","Korean Skincare UAE & Dubai | K-Belle Bliss","200","true","verified_active_uae","الموقع يعمل ويظهر فيه ما يدل على الإمارات","site_active_no_program_page_confirmed","true","","","","","","","0","","exp3","needs_review","false","C","","","https://kbellebliss.ae/en-ae","true","DDG","2026-10-09","C","متجر/صيدلية فعّال — يحتاج اتفاق مورد (غير مؤكد)","اتفاق توريد محتمل","true","false","true","true","true","false","false"
"Sliczny","AE","الإمارات (على مستوى الدولة)","","Beauty online","https://www.sliczny.com/","https://www.sliczny.com/","independent_multibrand_store","متجر مستقل متعدد العلامات (اتفاق مورد غير مؤكد)","false","","","غير معروف","غير معروف","","غير معروف","","غير معروف","","غير معروف","","غير معروف","Sliczny Cosmetics UAE | Korean Skincare & Beauty Dubai","200","true","verified_active_uae","الموقع يعمل ويظهر فيه ما يدل على الإمارات","site_active_no_program_page_confirmed","true","","","","","","","0","","exp3","needs_review","false","C","","","https://www.sliczny.com/ | https://www.sliczny.com/search?type=product&q=vendor%3A%22Cerave%22 | https://www.sliczny.com/search?type=product&q=vendor%3A%22The+Ordinary%22 | https://www.sliczny.com/search?type=product&q=vendor%3A%22Dr.Althea%22 | https://www.sliczny.com/search?type=product&q=vendor%3A%22Medicube%22","true","DDG","2026-10-09","C","متجر/صيدلية فعّال — يحتاج اتفاق مورد (غير مؤكد)","اتفاق توريد محتمل","true","false","true","true","true","false","false"
"SellShip","AE","الإمارات (على مستوى الدولة)","","Open marketplace (UAE)","","","independent_multibrand_store","متجر مستقل متعدد العلامات (اتفاق مورد غير مؤكد)","false","","","غير معروف","غير معروف","","غير معروف","","غير معروف","","غير معروف","","غير معروف","","0","false","unreachable","الموقع لم يستجب عند الفحص (قد يكون متوقفاً أو يحجب الطلبات الآلية)","file_claim_only","false","","D","سوق صغير للبائعين بحسب إعلان بيع شركة (Flippa) دون صفحة تسجيل رسمية؛ الموقع لم يستجب وقد تكون ملكيته تتغير.","https://flippa.com/11016820","2026-10-09","","0","","exp3","unreachable","false","D","","","https://sellship.co/","true","WebSearch: marketplaces for small sellers","2026-10-09","D","سوق صغير للبائعين بحسب إعلان بيع شركة (Flippa) دون صفحة تسجيل رسمية؛ الموقع لم يستجب وقد تكون ملكيته تتغير.","غير مؤكدة","false","true","true","false","false","false","false"
"Lets Tango","AE","الإمارات","","Marketplace","https://www.letstango.com/","https://letstango.com/","direct_seller_registration","تسجيل مباشر كبائع Marketplace","true","https://sellers.letstango.com/newmarketplace","","الصفحة تعرض علامات إلكترونيات؛ فئة التجميل غير منصوصة","غير منصوص","","غير معروف","","غير معلن بالصفحة (نسبة 10% وردت بملخص طرف ثالث — غير معتمدة)","","غير معروف","","seller@letstango.com | +971 4 4034888 | support@letstango.com","Welcome to LetsTango.com - Online Shopping in the UAE","200","true","verified_active_uae","الموقع يعمل ويظهر فيه ما يدل على الإمارات","official_page_fetched","false","","","","","","تسجيل مباشر (أولوية منخفضة)","0","","exp3","verified","true","D","زر Start Selling رسمي، لكن الصفحة تعرض علامات إلكترونيات ولا تذكر فئة التجميل. التواصل: seller@letstango.com. أولوية منخفضة بطلبك حتى تثبت الملاءمة. نسبة العمولة 10% وردت بملخص طرف ثالث — غير معتمدة.","","https://www.letstango.com/ | https://sellers.letstango.com/newmarketplace","true","WebSearch: UAE marketplace 10% commission claim (third party)","2026-10-09","A","تسجيل بائع مباشر موثّق من صفحة رسمية","تسجيل مباشر (أولوية منخفضة)","true","false","true","true","true","true","false"
"Nativ","AE","الإمارات (على مستوى الدولة)","","Curated homegrown-brand marketplace","","","independent_multibrand_store","متجر مستقل متعدد العلامات (اتفاق مورد غير مؤكد)","false","","","غير معروف","غير معروف","","غير معروف","","غير معروف","","غير معروف","","غير معروف","","0","false","unreachable","الموقع لم يستجب عند الفحص (قد يكون متوقفاً أو يحجب الطلبات الآلية)","file_claim_only","false","","D","منصة علامات محلية «Made in UAE» (بيان صحفي 2025) — LOWE'S علامة تركية قد لا تناسب شرط «محلي»؛ الموقع لم يستجب.","https://gulfnews.com/business/corporate-news/nativ-launches-uaes-first-curated-platform-for-homegrown-brands-1.500134804","2026-10-09","","0","","exp3","unreachable","false","D","","","https://nativ.ae/","true","WebSearch: Gulf News/EIN Presswire 2025","2026-10-09","D","منصة علامات محلية «Made in UAE» (بيان صحفي 2025) — LOWE'S علامة تركية قد لا تناسب شرط «محلي»؛ الموقع لم يستجب.","غير مؤكدة","false","true","true","false","false","false","false"
"Dubai Traders (DET programme)","AE","الإمارات (على مستوى الدولة)","","Government programme hosted on Amazon/noon","https://investindubai.gov.ae/en/why-dubai/d33-agenda/dubai-traders","https://investindubai.gov.ae/en/why-dubai/d33-agenda/dubai-traders","independent_multibrand_store","متجر مستقل متعدد العلامات (اتفاق مورد غير مؤكد)","false","","","غير معروف","غير معروف","","غير معروف","","غير معروف","","غير معروف","","غير معروف","Access Denied","403","true","protected_not_verified","الموقع يحجب الفحص الآلي (403/429/تحقق أمني) — لم يُتجاوز. الحالة غير مؤكدة","file_claim_only","false","","E","برنامج حكومي (DET) تستضيفه Amazon وnoon لأصحاب رخص دبي — ليس قناة بيع مستقلة، لكنه ذو صلة بأهلية الرخصة عند التسجيل بهما.","https://investindubai.gov.ae/en/why-dubai/d33-agenda/dubai-traders","2026-10-09","","0","","exp3","needs_review","false","D","","","https://investindubai.gov.ae/en/why-dubai/d33-agenda/dubai-traders","true","WebSearch: Dubai Traders","2026-10-09","E","برنامج حكومي (DET) تستضيفه Amazon وnoon لأصحاب رخص دبي — ليس قناة بيع مستقلة، لكنه ذو صلة بأهلية الرخصة عند التسجيل بهما.","غير مناسبة","false","false","true","false","false","false","false"
"Mystiglam","AE","الإمارات (على مستوى الدولة)","","K-beauty online","https://mystiglam.com/","https://mystiglam.com/","independent_multibrand_store","متجر مستقل متعدد العلامات (اتفاق مورد غير مؤكد)","false","","","غير معروف","غير معروف","","غير معروف","","غير معروف","","غير معروف","","غير معروف","Buy Korean Beauty Products Online In The UAE &ndash; MystiGlam","200","true","verified_active_uae","الموقع يعمل ويظهر فيه ما يدل على الإمارات","site_active_no_program_page_confirmed","true","","","","","","","0","","exp3","needs_review","false","C","","","https://mystiglam.com/","true","WebSearch: K-beauty lists","2026-10-09","C","متجر/صيدلية فعّال — يحتاج اتفاق مورد (غير مؤكد)","اتفاق توريد محتمل","true","false","true","true","true","false","false"
"SJR Cosmetics","AE","الإمارات (على مستوى الدولة)","","K/J-beauty online (Dubai)","https://sjrcosmetics.com/","https://sjrcosmetics.com/","independent_multibrand_store","متجر مستقل متعدد العلامات (اتفاق مورد غير مؤكد)","false","","","غير معروف","غير معروف","","غير معروف","","غير معروف","","غير معروف","","غير معروف","Checking your browser before accessing. Just a moment...","403","false","protected_not_verified","الموقع يحجب الفحص الآلي (403/429/تحقق أمني) — لم يُتجاوز. الحالة غير مؤكدة","file_claim_only","true","","D","متجر K/J-beauty بدبي بحسب صفحة ثانوية؛ الموقع يحجب الفحص.","نتيجة بحث عام 9/10/2026","2026-10-09","","0","","exp3","needs_review","false","D","","","https://sjrcosmetics.com/","true","WebSearch: J-beauty","2026-10-09","D","متجر K/J-beauty بدبي بحسب صفحة ثانوية؛ الموقع يحجب الفحص.","غير مؤكدة","false","true","true","false","false","false","false"
"Figta Beauty Perfumes & Cosmetics Trading","AE","الإمارات (على مستوى الدولة)","","K-beauty distributor (Dubai, Al Qusais)","","","independent_multibrand_store","متجر مستقل متعدد العلامات (اتفاق مورد غير مؤكد)","false","","","غير معروف","غير معروف","","غير معروف","","غير معروف","","غير معروف","","+971 4 832 2575 (ملف عارض Beautyworld)","","0","false","unreachable","الموقع لم يستجب عند الفحص (قد يكون متوقفاً أو يحجب الطلبات الآلية)","file_claim_only","true","","B","موزع معتمد لعلامات K-beauty (Cosrx وSome By Mi وBeauty of Joseon…) بحسب ملف عارض Beautyworld (Messe Frankfurt) — القسم الثاني Al Mozna، القصيص 1 دبي، هاتف مدرج +971 4 832 2575. موقعه الرسمي غير معروف. كيان تجاري ملائم لتوزيع العناية لكن تخصصه كوري.","https://beautyworld-saudi-arabia.ae.messefrankfurt.com/ksa/en/exhibitor-search.detail.html/figta-beauty-perfumes--cosmetics-trading-co-llc.html","2026-10-09","اتفاق توزيع محتمل","0","","exp3","unreachable","false","C","","","https://figta.ae/","true","WebSearch: Beautyworld Saudi exhibitor","2026-10-09","B","موزع معتمد لعلامات K-beauty (Cosrx وSome By Mi وBeauty of Joseon…) بحسب ملف عارض Beautyworld (Messe Frankfurt) — القسم الثاني Al Mozna، القصيص 1 دبي، هاتف مدرج +971 4 832 2575. موقعه الرسمي غير معروف. كيان تجاري ملائم لتوزيع العناية لكن تخصصه كوري.","اتفاق توزيع محتمل","false","false","true","false","false","false","false"
"Apotheca Beauty","AE","الإمارات (على مستوى الدولة)","","Premium skincare distributor (Dubai/Kuwait)","https://apothecabeauty.com/","https://apothecabeauty.com/","independent_multibrand_store","متجر مستقل متعدد العلامات (اتفاق مورد غير مؤكد)","false","","","غير معروف","غير معروف","","غير معروف","","غير معروف","","غير معروف","","غير معروف","Apotheca Beauty","200","false","active_uae_unconfirmed","الموقع يعمل لكن لم يظهر ما يدل على الإمارات بالصفحة الرئيسية","site_active_no_program_page_confirmed","true","","D","","","","","0","","exp3","needs_review","false","D","النطاق الذي فُحص متجر Shopify بلا مؤشر إماراتي؛ مصدر ثانوي يذكر موزعاً بهذا الاسم (دبي/الكويت) — قد يكون كياناً آخر. غير متحقق.","","https://apothecabeauty.com/ | https://apothecabeauty.com/collections/vendors?q=Summer%20Fridays | https://apothecabeauty.com/collections/vendors?q=Augustinus%20Bader | https://apothecabeauty.com/collections/vendors?q=Tatcha | https://apothecabeauty.com/collections/vendors?q=Color%20Wow","true","WebSearch: Dermascope","2026-10-09","D","تصنيف بعد مراجعة يدوية للصفحات: النطاق الذي فُحص متجر Shopify بلا مؤشر إماراتي؛ مصدر ثانوي يذكر موزعاً بهذا الاسم (دبي/الكويت) — قد يكون كياناً آخر. غير متحقق.","غير مؤكدة","false","true","true","false","false","false","false"
"LSM Trading","AE","دبي (أم رمول) — توزيع بالإمارات","","Professional beauty distributor GCC","https://lsmtrading.com/","https://lsmtrading.com/","wholesale_distribution","بيع بالجملة / توزيع","true","","https://lsmtrading.com/wholesale/","مشروبات، فيتامينات، صيدلية، صحة وجمال، عناية بالشعر","غير معروف","","غير معروف","","غير معروف","","غير معروف","","sales@lsmtrading.com | +971 4 339 2157","LSM TRADING LLC &#8211; Grocery & Beauty Suppliers in UAE","200","true","verified_active_uae","الموقع يعمل ويظهر فيه ما يدل على الإمارات","official_page_fetched","true","","","","","","","18","موزع مفعّل بفئات صحة وجمال وعناية بالشعر، ونموذج تواصل مبيعات رسمي — لكنه موجّه للمشترين منهم، وقبولهم موردين جدد غير منصوص.","exp3","verified","false","B","الصفحة موجهة للشركات التي تشتري منهم (نموذج لفريق المبيعات). قبولهم موردين جدد غير منصوص.","","https://lsmtrading.com/ | https://lsmtrading.com/wholesale/","true","WebSearch: Beautyworld exhibitor","2026-10-09","B","قناة جملة/توزيع/B2B بمسار رسمي موثّق","اتفاق توزيع محتمل","true","false","true","true","true","true","false"
"Cosmetica Beauty and Personal Care Trading","AE","الإمارات (على مستوى الدولة)","","Salon/spa/beauty distributor (Dubai)","https://cosmetica1.odoo.com/","https://cosmetica1.odoo.com/","independent_multibrand_store","متجر مستقل متعدد العلامات (اتفاق مورد غير مؤكد)","false","","","غير معروف","غير معروف","","غير معروف","","غير معروف","","غير معروف","","info@cosmeticatrading.com | info@cometicatrading.com","Home | Cosmetica","200","true","verified_active_uae","الموقع يعمل ويظهر فيه ما يدل على الإمارات","site_active_no_program_page_confirmed","true","","D","تصف نفسها موزعاً لمستلزمات صالونات (دبي، الشارقة، أبوظبي) لكن صفحتها الرئيسية قالب فارغ.","https://cosmetica1.odoo.com/about","2026-10-09","","0","","exp3","needs_review","false","D","الصفحة الرئيسية قالب فارغ («homepage of the website») — لا دليل كافٍ على النشاط الحالي.","","https://cosmetica1.odoo.com/","true","WebSearch: salon distributor","2026-10-09","D","تصف نفسها موزعاً لمستلزمات صالونات (دبي، الشارقة، أبوظبي) لكن صفحتها الرئيسية قالب فارغ.","غير مؤكدة","true","true","true","true","true","false","false"
"Hair Factory Cosmetics (Abu Dhabi)","AE","الإمارات (على مستوى الدولة)","","Hair retailer/online (Abu Dhabi)","","","independent_multibrand_store","متجر مستقل متعدد العلامات (اتفاق مورد غير مؤكد)","false","","","غير معروف","غير معروف","","غير معروف","","غير معروف","","غير معروف","","غير معروف","","0","false","unreachable","الموقع لم يستجب عند الفحص (قد يكون متوقفاً أو يحجب الطلبات الآلية)","file_claim_only","true","","D","متجر شعر بأبوظبي بحسب دليل أعمال؛ الموقع المجرّب لم يستجب.","نتيجة بحث عام 9/10/2026","2026-10-09","","0","","exp3","unreachable","false","D","","","https://hairfactory.ae/","true","WebSearch: hair distributor","2026-10-09","D","متجر شعر بأبوظبي بحسب دليل أعمال؛ الموقع المجرّب لم يستجب.","غير مؤكدة","false","true","true","false","false","false","false"
"Beauty Pro Distributor","AE","الإمارات (على مستوى الدولة)","","Distributor","","","independent_multibrand_store","متجر مستقل متعدد العلامات (اتفاق مورد غير مؤكد)","false","","","غير معروف","غير معروف","","غير معروف","","غير معروف","","غير معروف","","غير معروف","Store unavailable","402","false","unreachable","HTTP 402","file_claim_only","true","","D","متجر Shopify يعرض «Store unavailable» (402) — غير مفعّل حالياً.","https://beautyprodistributor.com/","2026-10-09","","0","","exp3","unreachable","false","D","","","https://beautyprodistributor.com/","true","WebSearch: salon distributor","2026-10-09","D","متجر Shopify يعرض «Store unavailable» (402) — غير مفعّل حالياً.","غير مؤكدة","false","true","true","false","false","false","false"
"Dana Al Emarat Pharmacy","AE","الإمارات (على مستوى الدولة)","","Hospital pharmacy (Abu Dhabi)","https://danatalemarat.ae/women/services/general-services/pharmacy/","https://danatalemarat.ae/service/pharmacy","independent_multibrand_store","متجر مستقل متعدد العلامات (اتفاق مورد غير مؤكد)","false","","","غير معروف","غير معروف","","غير معروف","","غير معروف","","غير معروف","","غير معروف","Danat Al Emarat 24/7 Pharmacy in Abu Dhabi, UAE","200","true","verified_active_uae","الموقع يعمل ويظهر فيه ما يدل على الإمارات","site_active_no_program_page_confirmed","true","","","","","","","0","","exp3","needs_review","false","C","صيدلية مستشفى بأبوظبي؛ صفحة الشراكات سريرية فقط، لا مسار موردين.","","https://danatalemarat.ae/women/services/general-services/pharmacy/ | https://danatalemarat.ae/about/partnerships/","true","WebSearch: Abu Dhabi pharmacies","2026-10-09","C","متجر/صيدلية فعّال — يحتاج اتفاق مورد (غير مؤكد)","اتفاق توريد محتمل","true","false","true","true","true","false","false"
"Dermazone Store","AE","غير مؤكد (متجر سعودي النطاق)","","Derma skincare online (GCC)","https://www.dermazonestore.com/","https://dermazonestore.com/","independent_multibrand_store","متجر مستقل متعدد العلامات (اتفاق مورد غير مؤكد)","false","","","غير معروف","غير معروف","","غير معروف","","غير معروف","","غير معروف","","customercare@dermazonestore.com","ديرمازون - منتجات العناية بالشعر، البشرة، والصحة | تسوق الآن &ndash; Dermazone Store","200","false","active_uae_unconfirmed","الموقع يعمل لكن لم يظهر ما يدل على الإمارات بالصفحة الرئيسية","site_active_no_program_page_confirmed","true","","D","متجر عناية بالشعر والبشرة بالعربية، يبدو سعودياً؛ تغطيته للإمارات غير مؤكدة (يظهر بنطاق فرعي إماراتي بحسب مصدر ثانوي).","https://ipsnews.net/business/2025/11/04/elevating-trust-in-gcc-wellness-dermazonestore-sets-a-new-standard-for-verified-skincare-and-supplements/","2026-10-09","","0","","exp4","needs_review","false","D","الموقع عربي بنطاق سعودي بحسب مصدر ثانوي؛ تغطيته للإمارات غير مؤكدة.","","https://www.dermazonestore.com/ | https://affiliate.dermazonestore.com/","true","WebSearch: IPS News 2025","2026-10-09","D","متجر عناية بالشعر والبشرة بالعربية، يبدو سعودياً؛ تغطيته للإمارات غير مؤكدة (يظهر بنطاق فرعي إماراتي بحسب مصدر ثانوي).","غير مؤكدة","false","true","true","false","false","false","false"
"YallaHub","AE","الإمارات (على مستوى الدولة)","","Quick-commerce marketplace aggregator (UAE)","","","independent_multibrand_store","متجر مستقل متعدد العلامات (اتفاق مورد غير مؤكد)","false","","","غير معروف","غير معروف","","غير معروف","","غير معروف","","غير معروف","","غير معروف","yallahub.com | 521: Web server is down","521","false","unreachable","HTTP 521","file_claim_only","false","","D","منصة aggregator تجارة سريعة (شراكة مع علامة عناية، Arabian Business)؛ الموقع أعاد 521 (الخادم متوقف).","https://www.arabianbusiness.com/industries/retail/yallahub-to-accelerate-uae-quick-e-commerce-beauty-market-in-partnership-deal-with-rada-russkikh","2026-10-09","","0","","exp4","unreachable","false","D","","","https://yallahub.com/","true","WebSearch: Arabian Business","2026-10-09","D","منصة aggregator تجارة سريعة (شراكة مع علامة عناية، Arabian Business)؛ الموقع أعاد 521 (الخادم متوقف).","غير مؤكدة","false","true","true","false","false","false","false"
"Supersub","AE","الإمارات (على مستوى الدولة)","","Livestream shopping platform (seller onboarding)","","","independent_multibrand_store","متجر مستقل متعدد العلامات (اتفاق مورد غير مؤكد)","false","","","غير معروف","غير معروف","","غير معروف","","غير معروف","","غير معروف","","غير معروف","","0","false","unreachable","الموقع لم يستجب عند الفحص (قد يكون متوقفاً أو يحجب الطلبات الآلية)","file_claim_only","false","","D","منصة بث تسوق؛ إعلان وظيفة يذكر استقطاب بائعين ضمن الجمال (موزعون ومتاجر ومبدعون). الموقع المجرّب لم يستجب.","https://supersub.teamtailor.com/jobs/7757440-senior-category-manager-beauty-english-arabic-preferred-uae","2026-10-09","","0","","exp4","unreachable","false","D","","","https://supersub.com/","true","WebSearch: job posting","2026-10-09","D","منصة بث تسوق؛ إعلان وظيفة يذكر استقطاب بائعين ضمن الجمال (موزعون ومتاجر ومبدعون). الموقع المجرّب لم يستجب.","غير مؤكدة","false","true","true","false","false","false","false"
"Nysaa (Nykaa x Apparel)","AE","الإمارات (على مستوى الدولة)","","Beauty omnichannel","https://www.nysaa.com/","https://www.nysaa.com/","independent_multibrand_store","متجر مستقل متعدد العلامات (اتفاق مورد غير مؤكد)","false","","","غير معروف","غير معروف","","غير معروف","","غير معروف","","غير معروف","","غير معروف","Access Denied","403","false","protected_not_verified","الموقع يحجب الفحص الآلي (403/429/تحقق أمني) — لم يُتجاوز. الحالة غير مؤكدة","file_claim_only","false","","C","منصة تجميل متعددة العلامات (150+ علامة، شراكة Nykaa وApparel Group) تحجب الفحص؛ لا مسار موردين منشور.","https://www.personalcareinsights.com/news/nykaa-leverages-apparel-groups-middle-eastern-network-to-expand-beauty-offerings.html","2026-10-09","","0","","exp4","needs_review","false","C","","","https://www.nysaa.com/","true","WebSearch: Gulf News","2026-10-09","C","منصة تجميل متعددة العلامات (150+ علامة، شراكة Nykaa وApparel Group) تحجب الفحص؛ لا مسار موردين منشور.","اتفاق توريد محتمل","false","false","true","false","false","false","false"
"Multiplex International","AE","الإمارات (على مستوى الدولة)","","Beauty distributor","https://multiplexinternational.com/","https://multiplexintl.com/","wholesale_distribution","بيع بالجملة / توزيع","false","","","FMCG ومستحضرات تجميل (حسب عنوان الموقع)","غير معروف","","غير معروف","","غير معروف","","غير معروف","","info@multiplex.ae","Multiplex International LLC | FMCG & Cosmetics Distributor in UAE","200","true","verified_active_uae","الموقع يعمل ويظهر فيه ما يدل على الإمارات","site_active_no_program_page_confirmed","true","","","","","","","0","موزع FMCG وتجميل بمتجر أونلاين وخط علامات؛ لا مسار موردين منشور، يلزم تواصل مباشر.","exp4","needs_review","false","B","موزع FMCG وتجميل؛ لا صفحة موردين ظهرت. يلزم تواصل مباشر.","","https://multiplexinternational.com/","true","WebSearch: SHEIN beauty event","2026-10-09","B","جملة/توزيع — الموقع يعمل، المسار الرسمي يحتاج تأكيداً","اتفاق توزيع محتمل","true","false","true","true","true","false","false"
"SahaJamal Pharmacy","AE","الإمارات (على مستوى الدولة)","","Pharmacy chain online","https://sahajamal.com/","https://www.sahajamal.com/","independent_multibrand_store","متجر مستقل متعدد العلامات (اتفاق مورد غير مؤكد)","false","","","غير معروف","غير معروف","","غير معروف","","غير معروف","","غير معروف","","غير معروف","Saha Jamal Pharmacy | Pharmacy UAE | Shop Today","200","true","verified_active_uae","الموقع يعمل ويظهر فيه ما يدل على الإمارات","site_active_no_program_page_confirmed","true","","","","","","","0","","exp4","needs_review","false","C","سلسلة صيدليات أونلاين؛ لا صفحة موردين ظهرت.","","https://sahajamal.com/","true","WebSearch: pharmacy online delivery","2026-10-09","C","متجر/صيدلية فعّال — يحتاج اتفاق مورد (غير مؤكد)","اتفاق توريد محتمل","true","false","true","true","true","false","false"
"Gulf Pharmacy","AE","الإمارات (على مستوى الدولة)","","Online pharmacy","https://gulfpharmacy.com/","https://gulfpharmacy.com/","independent_multibrand_store","متجر مستقل متعدد العلامات (اتفاق مورد غير مؤكد)","false","","","غير معروف","غير معروف","","غير معروف","","غير معروف","","غير معروف","","غير معروف","Gulf Pharmacy Dubai | Get Up To 70% Off + Free Delivery On Pharmacy & Wellness Products Across Dubai","200","true","verified_active_uae","الموقع يعمل ويظهر فيه ما يدل على الإمارات","site_active_no_program_page_confirmed","true","","","","","","","0","","exp4","needs_review","false","C","صيدلية أونلاين؛ لا صفحة موردين ظهرت.","","https://gulfpharmacy.com/","true","WebSearch: app store listing","2026-10-09","C","متجر/صيدلية فعّال — يحتاج اتفاق مورد (غير مؤكد)","اتفاق توريد محتمل","true","false","true","true","true","false","false"
"Al Anaqa & Al Jamal Cosmetics (Sharjah)","AE","الإمارات (على مستوى الدولة)","","Cosmetics wholesale/retail (Sharjah)","","","independent_multibrand_store","متجر مستقل متعدد العلامات (اتفاق مورد غير مؤكد)","false","","","غير معروف","غير معروف","","غير معروف","","غير معروف","","غير معروف","","غير معروف","","0","false","unreachable","الموقع لم يستجب عند الفحص (قد يكون متوقفاً أو يحجب الطلبات الآلية)","file_claim_only","true","","D","مورد جملة/تجزئة مستحضرات بالشارقة بحسب دليل (Magicpin)؛ موقع غير معروف.","نتيجة بحث عام 9/10/2026","2026-10-09","","0","","exp4","unreachable","false","D","","","https://alanaqa.ae/","true","WebSearch: Magicpin listing","2026-10-09","D","مورد جملة/تجزئة مستحضرات بالشارقة بحسب دليل (Magicpin)؛ موقع غير معروف.","غير مؤكدة","false","true","true","false","false","false","false"
"Eva Cosmetics Trading (Abu Dhabi)","AE","الإمارات (على مستوى الدولة)","","Cosmetics trading (Abu Dhabi)","","","independent_multibrand_store","متجر مستقل متعدد العلامات (اتفاق مورد غير مؤكد)","false","","","غير معروف","غير معروف","","غير معروف","","غير معروف","","غير معروف","","غير معروف","","0","false","unreachable","الموقع لم يستجب عند الفحص (قد يكون متوقفاً أو يحجب الطلبات الآلية)","file_claim_only","true","","D","متجر مستحضرات بأبوظبي بأسعار جملة/تجزئة بحسب دليل؛ موقع غير معروف.","نتيجة بحث عام 9/10/2026","2026-10-09","","0","","exp4","unreachable","false","D","","","https://evacosmetics.ae/","true","WebSearch: Magicpin listing","2026-10-09","D","متجر مستحضرات بأبوظبي بأسعار جملة/تجزئة بحسب دليل؛ موقع غير معروف.","غير مؤكدة","false","true","true","false","false","false","false"
"Cosmovision GT","AE","الإمارات (على مستوى الدولة)","","Beauty and medical wholesaler","","","independent_multibrand_store","متجر مستقل متعدد العلامات (اتفاق مورد غير مؤكد)","false","","","غير معروف","غير معروف","","غير معروف","","غير معروف","","غير معروف","","غير معروف","","0","false","unreachable","الموقع لم يستجب عند الفحص (قد يكون متوقفاً أو يحجب الطلبات الآلية)","file_claim_only","false","","D","موزع جمال/طبي مدرج بدليل مورّدين؛ ملف الدليل غير موثّق والموقع لم يستجب.","نتيجة بحث عام 9/10/2026","2026-10-09","","0","","exp4","unreachable","false","D","","","https://cosmovision.ae/","true","WebSearch: freshdi listing","2026-10-09","D","موزع جمال/طبي مدرج بدليل مورّدين؛ ملف الدليل غير موثّق والموقع لم يستجب.","غير مؤكدة","false","true","true","false","false","false","false"
"Ulta Beauty UAE","AE","الإمارات (على مستوى الدولة)","","Beauty retail (Alshaya)","https://www.ulta.ae/","https://www.ulta.ae/","independent_multibrand_store","متجر مستقل متعدد العلامات (اتفاق مورد غير مؤكد)","false","","","غير معروف","غير معروف","","غير معروف","","غير معروف","","غير معروف","","غير معروف","Attention Required! | Cloudflare","403","false","protected_not_verified","الموقع يحجب الفحص الآلي (403/429/تحقق أمني) — لم يُتجاوز. الحالة غير مؤكدة","file_claim_only","true","","C","افتتحت Ulta أول فروعها بالإمارات في Mall of the Emirates (يناير 2026) بشراكة Alshaya؛ الموقع يحجب الفحص. مسار الموردين عبر Alshaya غير منشور.","https://www.alshaya.com/jo/en/media-centre/alshaya-news/ulta-beauty-opens-at-mall-of-the-emirates---uae","2026-10-09","","0","","exp4","needs_review","false","D","","","https://www.ulta.ae/","true","WebSearch: Barchart/retailboss","2026-10-09","C","افتتحت Ulta أول فروعها بالإمارات في Mall of the Emirates (يناير 2026) بشراكة Alshaya؛ الموقع يحجب الفحص. مسار الموردين عبر Alshaya غير منشور.","اتفاق توريد محتمل","false","false","true","false","false","false","false"
"Gomi Mall","AE","الإمارات (على مستوى الدولة)","","K-beauty B2C+B2B distributor (UAE)","","","independent_multibrand_store","متجر مستقل متعدد العلامات (اتفاق مورد غير مؤكد)","false","","","غير معروف","غير معروف","","غير معروف","","غير معروف","","غير معروف","","غير معروف","","0","false","unreachable","الموقع لم يستجب عند الفحص (قد يكون متوقفاً أو يحجب الطلبات الآلية)","file_claim_only","false","","B","GOMI MALL General Trading LLC (دبي وعجمان): موزع K-beauty يجمع الجملة B2B وB2C ويتعامل مع سلاسل صيدليات وتجار (VentureSquare، شارك في Beautyworld ME 2026 6-8 تشرين الأول). الموقع الرسمي غير معروف؛ المصدر مقالات فقط.","https://www.venturesquare.net/en/1115158/","2026-10-09","اتفاق توزيع محتمل","17","موزع K-beauty بقناة جملة وصيدليات وعلامات حصرية؛ تخصص كوري قد لا يناسب خط LOWE'S، لكنه نموذج توزيع جاهز. المصدر مقالات صحفية ويحتاج تواصلاً مباشراً.","exp5","unreachable","false","B","","","https://gomimall.com/","true","WebSearch: Venture Square – Beautyworld ME 2026","2026-10-09","B","GOMI MALL General Trading LLC (دبي وعجمان): موزع K-beauty يجمع الجملة B2B وB2C ويتعامل مع سلاسل صيدليات وتجار (VentureSquare، شارك في Beautyworld ME 2026 6-8 تشرين الأول). الموقع الرسمي غير معروف؛ المصدر مقالات فقط.","اتفاق توزيع محتمل","false","false","true","false","false","false","false"
"Secret Skin","AE","الإمارات (على مستوى الدولة)","","Clean beauty e-tailer (Dubai)","","","independent_multibrand_store","متجر مستقل متعدد العلامات (اتفاق مورد غير مؤكد)","false","","","غير معروف","غير معروف","","غير معروف","","غير معروف","","غير معروف","","غير معروف","","0","false","unreachable","الموقع لم يستجب عند الفحص (قد يكون متوقفاً أو يحجب الطلبات الآلية)","file_claim_only","true","","D","متجر عناية «نظيفة» بدبي (Beauty Independent)؛ الموقع المجرّب بشهادة SSL خاطئة.","https://www.beautyindependent.com/ex-amazon-anisha-oberoi-e-tailer-secret-skin-clean-beauty-middle-east/","2026-10-09","","0","","exp5","unreachable","false","D","","","https://www.secretskin.com/","true","WebSearch: Beauty Independent","2026-10-09","D","متجر عناية «نظيفة» بدبي (Beauty Independent)؛ الموقع المجرّب بشهادة SSL خاطئة.","غير مؤكدة","false","true","true","false","false","false","false"
"Glambox","AE","الإمارات (على مستوى الدولة)","","Beauty subscription/e-tailer (UAE)","","","independent_multibrand_store","متجر مستقل متعدد العلامات (اتفاق مورد غير مؤكد)","false","","","غير معروف","غير معروف","","غير معروف","","غير معروف","","غير معروف","","غير معروف","","0","false","unreachable","الموقع لم يستجب عند الفحص (قد يكون متوقفاً أو يحجب الطلبات الآلية)","file_claim_only","false","","D","متجر/اشتراك صناديق تجميل (Gulf Business 2012-2014)؛ الموقع لم يستجب — نشاطه الحالي غير مؤكد.","https://gulfbusiness.com/?p=34019","2026-10-09","","0","","exp5","unreachable","false","D","","","https://www.glambox.ae/","true","WebSearch: Gulf Business","2026-10-09","D","متجر/اشتراك صناديق تجميل (Gulf Business 2012-2014)؛ الموقع لم يستجب — نشاطه الحالي غير مؤكد.","غير مؤكدة","false","true","true","false","false","false","false"
"Skin Solutions UAE (Ideal Beauty Solutions)","AE","الإمارات (على مستوى الدولة)","","K-beauty select store","","","independent_multibrand_store","متجر مستقل متعدد العلامات (اتفاق مورد غير مؤكد)","false","","","غير معروف","غير معروف","","غير معروف","","غير معروف","","غير معروف","","غير معروف","","0","false","unreachable","الموقع لم يستجب عند الفحص (قد يكون متوقفاً أو يحجب الطلبات الآلية)","file_claim_only","true","","D","متجر K-beauty تحت Ideal Beauty Solutions LLC بحسب Product Hunt؛ النطاق المجرّب لم يستجب.","https://www.producthunt.com/products/skin-solutions-uae","2026-10-09","","0","","exp5","unreachable","false","D","","","https://skinsolutions.ae/","true","WebSearch: Product Hunt listing","2026-10-09","D","متجر K-beauty تحت Ideal Beauty Solutions LLC بحسب Product Hunt؛ النطاق المجرّب لم يستجب.","غير مؤكدة","false","true","true","false","false","false","false"
"Beautetrade","AE","عالمي (ليس إماراتياً حصراً)","","Global B2B beauty marketplace (suppliers/buyers)","https://www.beautetrade.com/","https://www.beautetrade.com/","wholesale_distribution","بيع بالجملة / توزيع","false","","","غير معروف","غير معروف","","غير معروف","","غير معروف","","غير معروف","","info@beautetrade.com","Global Cosmetic B2B Marketplace | Beauty and Personal Care Platform | Beautetrade","200","true","verified_active_uae","الموقع يعمل ويظهر فيه ما يدل على الإمارات","site_active_no_program_page_confirmed","true","","","","","","","0","","exp5","needs_review","false","C","سوق B2B عالمي للتجميل (موردون ومشترون). رابط تسجيل مورد محدد لم يُوثَّق. حضوره الإماراتي غير مؤكد.","","https://www.beautetrade.com/ | https://www.beautetrade.com/suppliers/ | https://www.beautetrade.com/suppliers/cosmo-dermatech-215532/ | https://www.beautetrade.com/suppliers/shenzhen-zhichang-technology-coltd-210368/ | https://www.beautetrade.com/suppliers/c-square-205710/","true","WebSearch: B2B beauty platforms","2026-10-09","B","جملة/توزيع — الموقع يعمل، المسار الرسمي يحتاج تأكيداً","اتفاق توزيع محتمل","true","false","true","true","true","false","false"
"Fragrancia","AE","الإمارات (على مستوى الدولة)","","Fragrance retailer online (Sharjah)","https://www.fragrancia.ae/","https://fragrancia.ae/","independent_multibrand_store","متجر مستقل متعدد العلامات (اتفاق مورد غير مؤكد)","false","","","غير معروف","غير معروف","","غير معروف","","غير معروف","","غير معروف","","غير معروف","Shop Authentic Perfumes at Best Prices | Fragrancia UAE | Buy Now!","200","true","verified_active_uae","الموقع يعمل ويظهر فيه ما يدل على الإمارات","site_active_no_program_page_confirmed","true","متجر عطور فقط — خارج نطاق العناية بالبشرة والشعر","","","","","","0","","exp5","needs_review","false","D","","","https://www.fragrancia.ae/","true","WebSearch: Sharjah online stores","2026-10-09","E","متجر عطور فقط — خارج نطاق العناية بالبشرة والشعر","غير مناسبة","true","false","true","true","false","false","false"
"Lattafa Perfumes UAE","AE","الإمارات (على مستوى الدولة)","","Fragrance brand store (Sharjah)","https://ae-lattafaperfumes.com/","https://ae-lattafaperfumes.com/","independent_multibrand_store","متجر مستقل متعدد العلامات (اتفاق مورد غير مؤكد)","false","","","غير معروف","غير معروف","","غير معروف","","غير معروف","","غير معروف","","sales@ae-lattafaperfumes.com","Lattafa Perfumes UAE Official Store | Shop Fragrances","200","true","verified_active_uae","الموقع يعمل ويظهر فيه ما يدل على الإمارات","site_active_no_program_page_confirmed","true","متجر علامة عطور واحدة — خارج النطاق","","","","","","0","","exp5","needs_review","false","D","","","https://ae-lattafaperfumes.com/","true","WebSearch: Sharjah online stores","2026-10-09","E","متجر علامة عطور واحدة — خارج النطاق","غير مناسبة","true","false","true","true","false","false","false"
"Beauty Nation","AE","الإمارات (على مستوى الدولة)","","Multi-brand beauty online (Chalhoub)","","","independent_multibrand_store","متجر مستقل متعدد العلامات (اتفاق مورد غير مؤكد)","false","","","غير معروف","غير معروف","","غير معروف","","غير معروف","","غير معروف","","غير معروف","401 - Authorization Required.","401","false","unreachable","HTTP 401","file_claim_only","true","","D","منصة Chalhoub متعددة العلامات (مصدر 2022)؛ الموقع يطلب مصادقة (401) فلم يُفحص ولم يُتجاوز.","https://beautynation.me/","2026-10-09","","0","","exp6","unreachable","false","C","الموقع يطلب مصادقة (401) فلم يُفحص ولم يُتجاوز. المنصة مذكورة بمصدر 2022 كمنصة متعددة العلامات لـChalhoub — يلزم فتحها يدوياً.","","https://www.beautynation.me/","true","Article outbound link (HiDubai/Grazia lists)","2026-10-09","D","منصة Chalhoub متعددة العلامات (مصدر 2022)؛ الموقع يطلب مصادقة (401) فلم يُفحص ولم يُتجاوز.","غير مؤكدة","false","true","true","false","false","false","false"
"Privae","AE","الإمارات (على مستوى الدولة)","","Beauty/skin online","","","independent_multibrand_store","متجر مستقل متعدد العلامات (اتفاق مورد غير مؤكد)","false","","","غير معروف","غير معروف","","غير معروف","","غير معروف","","غير معروف","","غير معروف","","0","false","unreachable","الموقع لم يستجب عند الفحص (قد يكون متوقفاً أو يحجب الطلبات الآلية)","file_claim_only","false","","D","ورد كرابط بمقال؛ الموقع لم يستجب.","نتيجة بحث عام 9/10/2026","2026-10-09","","0","","exp6","unreachable","false","D","","","https://privae.ae/","true","Article outbound link","2026-10-09","D","ورد كرابط بمقال؛ الموقع لم يستجب.","غير مؤكدة","false","true","true","false","false","false","false"
"Matia Natural","AE","الإمارات (على مستوى الدولة)","","Natural skincare online","https://www.matianatural.com/","https://matianatural.com/","independent_multibrand_store","متجر مستقل متعدد العلامات (اتفاق مورد غير مؤكد)","false","","","غير معروف","غير معروف","","غير معروف","","غير معروف","","غير معروف","","غير معروف","Organic and Natural Skincare Products UAE | Matia Natural","200","true","verified_active_uae","الموقع يعمل ويظهر فيه ما يدل على الإمارات","site_active_no_program_page_confirmed","true","","","","","","","0","","exp6","needs_review","false","C","","","https://www.matianatural.com/","true","Article outbound link","2026-10-09","C","متجر/صيدلية فعّال — يحتاج اتفاق مورد (غير مؤكد)","اتفاق توريد محتمل","true","false","true","true","true","false","false"
"Nevi By Nature","AE","الإمارات (على مستوى الدولة)","","Natural beauty online","https://nevibynature.com/","https://nevibynature.com/","independent_multibrand_store","متجر مستقل متعدد العلامات (اتفاق مورد غير مؤكد)","false","","","غير معروف","غير معروف","","غير معروف","","غير معروف","","غير معروف","","غير معروف","","200","false","active_uae_unconfirmed","الموقع يعمل لكن لم يظهر ما يدل على الإمارات بالصفحة الرئيسية","site_active_no_program_page_confirmed","false","","D","الصفحة الرئيسية تحمّل بلا عنوان — لا دليل على نشاط.","https://nevibynature.com/","2026-10-09","","0","","exp6","needs_review","false","D","","","https://nevibynature.com/","true","Article outbound link","2026-10-09","D","الصفحة الرئيسية تحمّل بلا عنوان — لا دليل على نشاط.","غير مؤكدة","false","true","true","false","false","false","false"
"Brandkyu","AE","الإمارات (على مستوى الدولة)","","Brand/retail platform","https://brandkyu.com/","https://brandkyu.com/","independent_multibrand_store","متجر مستقل متعدد العلامات (اتفاق مورد غير مؤكد)","false","","","غير معروف","غير معروف","","غير معروف","","غير معروف","","غير معروف","","غير معروف","kyu","200","true","verified_active_uae","الموقع يعمل ويظهر فيه ما يدل على الإمارات","site_active_no_program_page_confirmed","false","","D","موقع نشط بلا دليل على نشاط تجميل.","https://brandkyu.com/","2026-10-09","","0","","exp6","needs_review","false","D","موقع نشط لكن لا دليل على نشاط تجميل/عناية.","","https://brandkyu.com/","true","Article outbound link","2026-10-09","D","موقع نشط بلا دليل على نشاط تجميل.","غير مؤكدة","true","true","true","true","false","false","false"
"Omni The Label","AE","الإمارات (على مستوى الدولة)","","Label/online store","https://omnithelabel.com/","https://omnithelabel.com/","independent_multibrand_store","متجر مستقل متعدد العلامات (اتفاق مورد غير مؤكد)","false","","","غير معروف","غير معروف","","غير معروف","","غير معروف","","غير معروف","","غير معروف","Omni The Label","200","true","verified_active_uae","الموقع يعمل ويظهر فيه ما يدل على الإمارات","site_active_no_program_page_confirmed","false","","D","موقع نشط بلا دليل على نشاط تجميل.","https://omnithelabel.com/","2026-10-09","","0","","exp6","needs_review","false","D","موقع نشط لكن لا دليل على نشاط تجميل/عناية.","","https://omnithelabel.com/","true","Article outbound link","2026-10-09","D","موقع نشط بلا دليل على نشاط تجميل.","غير مؤكدة","true","true","true","true","false","false","false"
"Gomyz","AE","الإمارات (على مستوى الدولة)","","Beauty/skincare online store","https://gomyz.com/uae-en/","https://gomyz.com/uae-en/","independent_multibrand_store","متجر مستقل متعدد العلامات (اتفاق مورد غير مؤكد)","false","","","غير معروف","غير معروف","","غير معروف","","غير معروف","","غير معروف","","غير معروف","UAE’s Beauty Hub: Skincare, Haircare , Makeup & more","200","true","verified_active_uae","الموقع يعمل ويظهر فيه ما يدل على الإمارات","site_active_no_program_page_confirmed","true","","","","","","","0","","exp7","needs_review","false","C","متجر عناية وتجميل أونلاين بنسخة إماراتية؛ لا صفحة موردين ظهرت.","","https://gomyz.com/uae-en/","true","WebSearch: Time Out/Bloomha list","2026-10-09","C","متجر/صيدلية فعّال — يحتاج اتفاق مورد (غير مؤكد)","اتفاق توريد محتمل","true","false","true","true","true","false","false"
"Glamazle","AE","الإمارات (على مستوى الدولة)","","Beauty/skincare online store","https://www.glamazle.com/","https://www.glamazle.com/","independent_multibrand_store","متجر مستقل متعدد العلامات (اتفاق مورد غير مؤكد)","false","","","غير معروف","غير معروف","","غير معروف","","غير معروف","","غير معروف","","غير معروف","Online Beauty and Fashion Shopping in Dubai UAE | Glamazle.com","200","true","verified_active_uae","الموقع يعمل ويظهر فيه ما يدل على الإمارات","site_active_no_program_page_confirmed","true","","","","","","","0","","exp7","needs_review","false","C","متجر جمال وأزياء أونلاين بدبي؛ لا صفحة موردين ظهرت.","","https://www.glamazle.com/","true","WebSearch: skincare sites list","2026-10-09","C","متجر/صيدلية فعّال — يحتاج اتفاق مورد (غير مؤكد)","اتفاق توريد محتمل","true","false","true","true","true","false","false"
"Bloomha","AE","الإمارات (على مستوى الدولة)","","K-beauty online store","https://bloomha.com/","https://bloomha.com/","independent_multibrand_store","متجر مستقل متعدد العلامات (اتفاق مورد غير مؤكد)","false","","","غير معروف","غير معروف","","غير معروف","","غير معروف","","غير معروف","","غير معروف","Just a moment...","403","false","protected_not_verified","الموقع يحجب الفحص الآلي (403/429/تحقق أمني) — لم يُتجاوز. الحالة غير مؤكدة","file_claim_only","false","","D","متجر K-beauty صغير (قائمة مبيعات 2026 ذاتية)؛ الموقع يحجب الفحص.","نتيجة بحث عام 9/10/2026","2026-10-09","","0","","exp7","needs_review","false","D","","","https://bloomha.com/","true","WebSearch: skincare sites list","2026-10-09","D","متجر K-beauty صغير (قائمة مبيعات 2026 ذاتية)؛ الموقع يحجب الفحص.","غير مؤكدة","false","true","true","false","false","false","false"
"Beauty Tribe","AE","الإمارات (على مستوى الدولة)","","Multi-brand beauty online","https://beautytribe.com/","https://beautytribe.com/","independent_multibrand_store","متجر مستقل متعدد العلامات (اتفاق مورد غير مؤكد)","false","","","غير معروف","غير معروف","","غير معروف","","غير معروف","","غير معروف","","غير معروف","Beauty Tribe UAE | Free 2-Hour Delivery | 100% Authentic Products","200","true","verified_active_uae","الموقع يعمل ويظهر فيه ما يدل على الإمارات","site_active_no_program_page_confirmed","true","","","","","","","0","","exp7","needs_review","false","C","متجر جمال متعدد العلامات بتوصيل خلال ساعتين (بحسب موقعه)؛ لا صفحة موردين ظهرت.","","https://beautytribe.com/ | https://beautytribe.com/collections/sale?filter.p.m.custom.brand=gid%3A%2F%2Fshopify%2FMetaobject%2F56348344608&filter.v.price.gte=&filter.v.price.lte=&sort_by=best-selling | https://beautytribe.com/collections/sale?filter.p.m.custom.brand=gid%3A%2F%2Fshopify%2FMetaobject%2F56355619104&filter.v.price.gte=&filter.v.price.lte=&sort_by=best-selling | https://beautytribe.com/collections/sale?filter.p.m.custom.brand=gid%3A%2F%2Fshopify%2FMetaobject%2F56348377376&filter.v.price.gte=&filter.v.price.lte=&sort_by=best-selling | https://beautytribe.com/collections/sale?filter.p.m.custom.brand=gid%3A%2F%2Fshopify%2FMetaobject%2F56349229344&filter.v.price.gte=&filter.v.price.lte=&sort_by=best-selling","true","WebSearch: skincare sites list","2026-10-09","C","متجر/صيدلية فعّال — يحتاج اتفاق مورد (غير مؤكد)","اتفاق توريد محتمل","true","false","true","true","true","false","false"
"Beauty Solutions","AE","الإمارات (على مستوى الدولة)","","Beauty e-commerce","https://beautysolutions.ae/","https://beautysolutions.ae/","independent_multibrand_store","متجر مستقل متعدد العلامات (اتفاق مورد غير مؤكد)","false","","","غير معروف","غير معروف","","غير معروف","","غير معروف","","غير معروف","","غير معروف","Beauty & More &#8211; Located in the heart of Dubai, Beauty & More is your go-to destination for luxurious perfumes, high-end cosmetics, and","200","true","verified_active_uae","الموقع يعمل ويظهر فيه ما يدل على الإمارات","site_active_no_program_page_confirmed","true","","D","عنوان الصفحة «Beauty & More» يوحي بصالون خدمات لا متجر منتجات.","https://beautysolutions.ae/","2026-10-09","","0","","exp7","needs_review","false","D","عنوان الصفحة يوحي بصالون/خدمات تجميل في دبي لا متجر منتجات — يحتاج تحققاً.","","https://beautysolutions.ae/","true","Few.ae guide","2026-10-09","D","عنوان الصفحة «Beauty & More» يوحي بصالون خدمات لا متجر منتجات.","غير مؤكدة","true","true","true","true","true","false","false"
"Emirates Coop — Supplier Login","AE","الإمارات (على مستوى الدولة)","","Cooperative supplier portal","https://www.emcoop.ae/","https://www.emcoop.ae/supplier-login/","independent_multibrand_store","متجر مستقل متعدد العلامات (اتفاق مورد غير مؤكد)","false","","","غير معروف","غير معروف","","غير معروف","","غير معروف","","غير معروف","","غير معروف","Just a moment...","403","false","protected_not_verified","الموقع يحجب الفحص الآلي (403/429/تحقق أمني) — لم يُتجاوز. الحالة غير مؤكدة","file_claim_only","false","","","","","","","0","","exp8","needs_review","false","C","","","https://www.emcoop.ae/","true","WebSearch: Union Coop supplier","2026-10-09","D","الموقع يحجب الفحص الآلي — يحتاج مراجعة يدوية (لا يعني أنه غير نشط)","غير مؤكدة","false","true","true","false","false","false","false"
"Millia Cosmetics (Sharjah)","AE","الإمارات (على مستوى الدولة)","","Cosmetics wholesale/retail (Sharjah)","https://milliacosmetics.com/","https://milliacosmetics.com/","independent_multibrand_store","متجر مستقل متعدد العلامات (اتفاق مورد غير مؤكد)","false","","","غير معروف","غير معروف","","غير معروف","","غير معروف","","غير معروف","","غير معروف","Millia Cosmetics","200","true","verified_active_uae","الموقع يعمل ويظهر فيه ما يدل على الإمارات","site_active_no_program_page_confirmed","true","","","","","","","0","","exp8","needs_review","false","C","","","https://milliacosmetics.com/","true","WebSearch: Sharjah wholesale","2026-10-09","C","متجر/صيدلية فعّال — يحتاج اتفاق مورد (غير مؤكد)","اتفاق توريد محتمل","true","false","true","true","true","false","false"
"Stylish Cosmetics (Sharjah)","AE","الإمارات (على مستوى الدولة)","","Cosmetics wholesale/retail (Sharjah)","https://stylishcosmetic.com/","https://stylishcosmetic.com/","independent_multibrand_store","متجر مستقل متعدد العلامات (اتفاق مورد غير مؤكد)","false","","","غير معروف","غير معروف","","غير معروف","","غير معروف","","غير معروف","","support@stylishae.com","Stylish Cosmetics","200","true","verified_active_uae","الموقع يعمل ويظهر فيه ما يدل على الإمارات","site_active_no_program_page_confirmed","true","","","","","","","0","","exp8","needs_review","false","C","","","https://stylishcosmetic.com/ | https://stylishcosmetic.com/pages/wholeseller-form","true","WebSearch: Sharjah wholesale","2026-10-09","C","متجر/صيدلية فعّال — يحتاج اتفاق مورد (غير مؤكد)","اتفاق توريد محتمل","true","false","true","true","true","false","false"
"The Beauty Oasis (Ajman)","AE","الإمارات (على مستوى الدولة)","","Skin/hair products online (Ajman)","","","independent_multibrand_store","متجر مستقل متعدد العلامات (اتفاق مورد غير مؤكد)","false","","","غير معروف","غير معروف","","غير معروف","","غير معروف","","غير معروف","","غير معروف","","0","false","unreachable","الموقع لم يستجب عند الفحص (قد يكون متوقفاً أو يحجب الطلبات الآلية)","file_claim_only","true","","","","","","","0","","exp8","unreachable","false","D","","","https://thebeautyoasis.me/","true","WebSearch: Ajman online beauty","2026-10-09","D","لم يستجب الموقع آلياً — لا يعني أنه غير موجود، يحتاج مراجعة يدوية","غير مؤكدة","false","true","true","false","false","false","false"
"Trendyol (Gulf marketplace)","AE","الإمارات (على مستوى الدولة)","","Marketplace (Turkish-origin, Gulf)","https://www.trendyol.com/","https://www.trendyol.com/","independent_multibrand_store","متجر مستقل متعدد العلامات (اتفاق مورد غير مؤكد)","false","https://partner.trendyol.com/ae/onboarding/registration?lang=en-US","","متعارض: صفحة التسجيل تذكر beauty، وسياسة البائع غير المحلي تضع مستحضرات التجميل والعناية الشخصية ضمن المنتجات المنظمة","بائع محلي (نشاط/مخزون بالبر الرئيسي): رخصة تجارية سارية + رقم VAT إماراتي مقيم — نص رسمي عبر فهرس البحث","https://academy.trendyol.com/seller-information-center/ae/content/trendyols-policy-for-non-local-sellers-uae?lang=en","غير معروف","","العمولة القياسية غير منشورة؛ خصم 30% على العمولة لشهرين لمن يرفع منتجات خلال 7 أيام (صفحة التسجيل عبر فهرس البحث)","https://partner.trendyol.com/ae/onboarding/registration?lang=en-US","غير معروف","","غير معروف","","403","false","protected_not_verified","الموقع يحجب الفحص الآلي (403/429/تحقق أمني) — لم يُتجاوز. الحالة غير مؤكدة","official_page_via_search_index","false","","D","سوق تركي المنشأ يعمل بالخليج (Gulf Business 2025) — مناسب جداً لعلامة تركية، لكن موقعه وبوابة البائع (partner.trendyol.com) يحجبان الفحص الآلي (403/Cloudflare). مصدر ثانوي (Fynd) يقول إن التسجيل يتم بحساب مستخدم ثم اختيار منطقة «Gulf» ومراجعة 3-7 أيام — غير موثّق رسمياً، وشروط الإمارات ومستندات فئة التجميل غير معروفة.","https://gulfbusiness.com/en/2025/tech/how-trendyol-is-redefining-ecommerce-in-the-gulf/","2026-10-09","تسجيل مباشر محتمل — غير موثّق رسمياً","3","علامة LOWE'S تركية، والمنصة تركية المنشأ وتعمل بالخليج (مصدر ثانوي) — احتمال ملاءمة عالٍ. لم أستطع قراءة صفحة التسجيل الرسمية (حجب آلي): افتح partner.trendyol.com يدوياً وتحقق من منطقة الإمارات والمستندات وفئة التجميل.","exp9","needs_review","false","A","","","https://www.trendyol.com/","true","Seller guides: unicommerce / Meydan FZ lists","2026-10-09","D","سوق تركي المنشأ يعمل بالخليج (Gulf Business 2025) — مناسب جداً لعلامة تركية، لكن موقعه وبوابة البائع (partner.trendyol.com) يحجبان الفحص الآلي (403/Cloudflare). مصدر ثانوي (Fynd) يقول إن التسجيل يتم بحساب مستخدم ثم اختيار منطقة «Gulf» ومراجعة 3-7 أيام — غير موثّق رسمياً، وشروط الإمارات ومستندات فئة التجميل غير معروفة.","تسجيل مباشر محتمل — غير موثّق رسمياً","false","true","true","false","false","true","false"
"DeliverIt Marketplace","AE","الإمارات (على مستوى الدولة)","","UAE marketplace (seller registration)","https://deliverit.ae/","https://deliverit.ae/","independent_multibrand_store","متجر مستقل متعدد العلامات (اتفاق مورد غير مؤكد)","false","","","غير معروف","غير معروف","","غير معروف","","غير معروف","","غير معروف","","info@deliverit.ae","Best Pick and Delivery Service in Dubai | DeliverIt","200","true","verified_active_uae","الموقع يعمل ويظهر فيه ما يدل على الإمارات","site_active_no_program_page_confirmed","false","","D","عنوان موقعه «Best Pick and Delivery Service in Dubai» أي خدمة التقاط وتوصيل؛ وصفه كسوق بائعين ورد في مدونتهم الخاصة فقط. لا صفحة تسجيل بائع ظاهرة.","https://deliverit.ae/","2026-10-09","","0","","exp9","needs_review","false","D","","","https://deliverit.ae/ | https://deliverit.ae/contact-us/ | https://deliverit.ae/delivery-partner-for-local-businesses/","true","Seller guides: noon alternatives","2026-10-09","D","عنوان موقعه «Best Pick and Delivery Service in Dubai» أي خدمة التقاط وتوصيل؛ وصفه كسوق بائعين ورد في مدونتهم الخاصة فقط. لا صفحة تسجيل بائع ظاهرة.","غير مؤكدة","true","true","true","true","false","false","false"
"Groupon UAE","AE","الإمارات (على مستوى الدولة)","","Deals marketplace","https://www.groupon.ae/","https://www.groupon.ae/","independent_multibrand_store","متجر مستقل متعدد العلامات (اتفاق مورد غير مؤكد)","false","","","غير معروف","غير معروف","","غير معروف","","غير معروف","","غير معروف","","غير معروف","Just a moment...","403","false","protected_not_verified","الموقع يحجب الفحص الآلي (403/429/تحقق أمني) — لم يُتجاوز. الحالة غير مؤكدة","file_claim_only","false","","D","سوق عروض يحجب الفحص (Cloudflare)؛ نموذج الخصومات قد لا يناسب علامة.","https://www.groupon.ae/","2026-10-09","","0","","exp9","needs_review","false","D","","","https://www.groupon.ae/","true","Seller guides: noon alternatives","2026-10-09","D","سوق عروض يحجب الفحص (Cloudflare)؛ نموذج الخصومات قد لا يناسب علامة.","غير مؤكدة","false","true","true","false","false","false","false"
"Crafty UAE","AE","الإمارات (على مستوى الدولة)","","Handmade/craft marketplace","https://crafty.ae/","https://www.crafty.ae/","independent_multibrand_store","متجر مستقل متعدد العلامات (اتفاق مورد غير مؤكد)","false","","","غير معروف","غير معروف","","غير معروف","","غير معروف","","غير معروف","","غير معروف","Crafty UAE | Shop Handmade Gifts & Local Products Online","200","true","verified_active_uae","الموقع يعمل ويظهر فيه ما يدل على الإمارات","site_active_no_program_page_confirmed","false","","E","سوق مصنوعات يدوية وهدايا محلية (صفحة onboarding موجودة لكن للحرفيين) — لا يناسب علامة عناية صناعية.","https://www.crafty.ae/onboarding","2026-10-09","","0","","exp9","needs_review","false","D","","","https://crafty.ae/ | https://crafty.ae/onboarding","true","Seller guides: unicommerce","2026-10-09","E","سوق مصنوعات يدوية وهدايا محلية (صفحة onboarding موجودة لكن للحرفيين) — لا يناسب علامة عناية صناعية.","غير مناسبة","true","false","true","true","false","false","false"
"FirstCry UAE","AE","الإمارات (على مستوى الدولة)","","Kids marketplace","","","independent_multibrand_store","متجر مستقل متعدد العلامات (اتفاق مورد غير مؤكد)","false","","","غير معروف","غير معروف","","غير معروف","","غير معروف","","غير معروف","","غير معروف","","0","false","unreachable","الموقع لم يستجب عند الفحص (قد يكون متوقفاً أو يحجب الطلبات الآلية)","file_claim_only","false","","E","منصة أطفال وأمومة؛ لا تناسب خط العناية العام.","https://uae.firstcry.com/","2026-10-09","","0","","exp9","unreachable","false","D","","","https://uae.firstcry.com/","true","Seller guides: unicommerce","2026-10-09","E","منصة أطفال وأمومة؛ لا تناسب خط العناية العام.","غير مناسبة","false","false","true","false","false","false","false"
"Basharacare","AE","الإمارات (على مستوى الدولة)","","Online skincare retailer (Dubai)","https://www.basharacare.com/ae_en","https://www.basharacare.com/","independent_multibrand_store","متجر مستقل متعدد العلامات (اتفاق مورد غير مؤكد)","false","","","غير معروف","غير معروف","","غير معروف","","غير معروف","","غير معروف","","غير معروف","","200","false","active_uae_unconfirmed","الموقع يعمل لكن لم يظهر ما يدل على الإمارات بالصفحة الرئيسية","site_active_no_program_page_confirmed","false","","D","متجر عناية ببشرة بدبي ذُكر بمقال قديم (2011-2013)؛ الصفحة الرئيسية تحمّل بلا عنوان — نشاطه الحالي غير مؤكد (موجود أيضاً بدفعة ليدز 1).","https://www.thenationalnews.com/business/brushing-up-on-skincare-1.341865","2026-10-09","","0","","exp9","needs_review","false","D","","","https://www.basharacare.com/ae_en","true","Search results","2026-10-09","D","متجر عناية ببشرة بدبي ذُكر بمقال قديم (2011-2013)؛ الصفحة الرئيسية تحمّل بلا عنوان — نشاطه الحالي غير مؤكد (موجود أيضاً بدفعة ليدز 1).","غير مؤكدة","false","true","true","false","false","false","false"
"Mestore (Al Jamal Enterprises) — Wholesale","AE","الإمارات (على مستوى الدولة)","","Wholesale + retail cosmetics (Dubai/Sharjah)","https://www.mestore.ae/pages/wholesale","https://www.mestore.ae/pages/wholesale","independent_multibrand_store","متجر مستقل متعدد العلامات (اتفاق مورد غير مؤكد)","false","","","غير معروف","غير معروف","","غير معروف","","غير معروف","","غير معروف","","غير معروف","Wholesale Cosmetics and beauty essentials in UAE &ndash; MeStore","200","true","verified_active_uae","الموقع يعمل ويظهر فيه ما يدل على الإمارات","site_active_no_program_page_confirmed","true","","B","صفحة جملة رسمية: «Beauty Essentials — number 1 wholesaler in the Middle East» لمستحضرات العناية بالبشرة والجسم، ولها فروع (دبي والشارقة-المويلح). الصفحة لمن يشتري منهم؛ قبول موردين جدد غير منصوص.","https://www.mestore.ae/pages/wholesale","2026-10-09","اتفاق توزيع محتمل","0","","exp10","needs_review","false","C","","","https://www.mestore.ae/pages/wholesale","true","WebSearch: Sharjah/Ajman wholesale","2026-10-09","B","صفحة جملة رسمية: «Beauty Essentials — number 1 wholesaler in the Middle East» لمستحضرات العناية بالبشرة والجسم، ولها فروع (دبي والشارقة-المويلح). الصفحة لمن يشتري منهم؛ قبول موردين جدد غير منصوص.","اتفاق توزيع محتمل","true","false","true","true","true","false","false"
"Glamour Faces Perfumes & Cosmetics Trading","AE","الإمارات (على مستوى الدولة)","","Cosmetics wholesale supplier (Dubai)","https://www.theglamourfaces.com/","https://www.theglamourfaces.com/","independent_multibrand_store","متجر مستقل متعدد العلامات (اتفاق مورد غير مؤكد)","false","","","غير معروف","غير معروف","","غير معروف","","غير معروف","","غير معروف","","غير معروف","Cosmetics Wholesale Supplier in Dubai, UAE | Glamour Face","200","true","verified_active_uae","الموقع يعمل ويظهر فيه ما يدل على الإمارات","site_active_no_program_page_confirmed","true","","B","موزع جملة بدبي يعلن «cosmetics, skincare, haircare and perfumes from 100+ authentic brands» لأنشطة تجارية. موجه للمشترين؛ قبول موردين جدد غير منصوص.","https://www.theglamourfaces.com/","2026-10-09","اتفاق توزيع محتمل","0","","exp10","needs_review","false","C","","","https://www.theglamourfaces.com/ | https://www.theglamourfaces.com/blogs/cerave-vs-la-roche-posay-retailers-uae/","true","WebSearch: Sharjah/Ajman wholesale","2026-10-09","B","موزع جملة بدبي يعلن «cosmetics, skincare, haircare and perfumes from 100+ authentic brands» لأنشطة تجارية. موجه للمشترين؛ قبول موردين جدد غير منصوص.","اتفاق توزيع محتمل","true","false","true","true","true","false","false"
"CarasaLab","AE","الإمارات (على مستوى الدولة)","","Cosmetics wholesale distribution (UAE)","https://carasalab.com/en/uae-dubai-cosmetics-wholesale/","https://carasalab.com/en/uae-dubai-cosmetics-wholesale/","independent_multibrand_store","متجر مستقل متعدد العلامات (اتفاق مورد غير مؤكد)","false","","","غير معروف","غير معروف","","غير معروف","","غير معروف","","غير معروف","","غير معروف","▷ Cosmetics Wholesale Dubai & UAE | CarasaLab","200","true","verified_active_uae","الموقع يعمل ويظهر فيه ما يدل على الإمارات","site_active_no_program_page_confirmed","true","","D","يعرض جملة مستحضرات «للإمارات ودبي» لكن مواد الصفحات عن موردين من ألمانيا وآسيا وأوقيانوسيا — يبدو مورّداً دولياً لا كياناً إماراتياً؛ الكيان القانوني بالإمارات غير مؤكد.","https://carasalab.com/en/uae-dubai-cosmetics-wholesale/","2026-10-09","","0","","exp10","needs_review","false","D","","","https://carasalab.com/en/uae-dubai-cosmetics-wholesale/ | https://carasalab.com/en/cosmetic-suppliers/ | https://carasalab.com/en/asia-oceania-suppliers/ | https://carasalab.com/en/cosmetics-supplier-germany/ | https://carasalab.com/en/hair-dye-supplier/","true","WebSearch: Sharjah/Ajman wholesale","2026-10-09","D","يعرض جملة مستحضرات «للإمارات ودبي» لكن مواد الصفحات عن موردين من ألمانيا وآسيا وأوقيانوسيا — يبدو مورّداً دولياً لا كياناً إماراتياً؛ الكيان القانوني بالإمارات غير مؤكد.","غير مؤكدة","true","true","true","true","true","false","false"
"Cobone","AE","الإمارات (على مستوى الدولة)","","Deals marketplace (sellers)","https://www.cobone.com/","https://www.cobone.com/","independent_multibrand_store","متجر مستقل متعدد العلامات (اتفاق مورد غير مؤكد)","false","","","غير معروف","غير معروف","","غير معروف","","غير معروف","","غير معروف","","غير معروف","Attention Required! | Cloudflare","403","false","protected_not_verified","الموقع يحجب الفحص الآلي (403/429/تحقق أمني) — لم يُتجاوز. الحالة غير مؤكدة","file_claim_only","false","","D","سوق عروض يحجب الفحص؛ مصدر ثانوي يذكر تسجيلاً مجانياً وعمولة إحالة 15% (غير معتمد).","https://www.cobone.com/","2026-10-09","","0","","exp10","needs_review","false","D","","","https://www.cobone.com/","true","WebSearch: Sivvi/UAE marketplaces","2026-10-09","D","سوق عروض يحجب الفحص؛ مصدر ثانوي يذكر تسجيلاً مجانياً وعمولة إحالة 15% (غير معتمد).","غير مؤكدة","false","true","true","false","false","false","false"
"OurShoppee","AE","الإمارات (على مستوى الدولة)","","Marketplace (health and beauty among categories)","","","independent_multibrand_store","متجر مستقل متعدد العلامات (اتفاق مورد غير مؤكد)","false","","","غير معروف","غير معروف","","غير معروف","","غير معروف","","غير معروف","","غير معروف","","0","false","unreachable","الموقع لم يستجب عند الفحص (قد يكون متوقفاً أو يحجب الطلبات الآلية)","file_claim_only","false","","D","منصة تذكرها قوائم ثانوية؛ موقعها لم يستجب.","https://www.ourshoppee.com/","2026-10-09","","0","","exp10","unreachable","false","D","","","https://www.ourshoppee.com/","true","WebSearch: UAE marketplaces","2026-10-09","D","منصة تذكرها قوائم ثانوية؛ موقعها لم يستجب.","غير مؤكدة","false","true","true","false","false","false","false"
"M7L","AE","الإمارات (على مستوى الدولة)","","Seller platform (subscription model)","","","independent_multibrand_store","متجر مستقل متعدد العلامات (اتفاق مورد غير مؤكد)","false","","","غير معروف","غير معروف","","غير معروف","","غير معروف","","غير معروف","","غير معروف","","0","false","unreachable","الموقع لم يستجب عند الفحص (قد يكون متوقفاً أو يحجب الطلبات الآلية)","file_claim_only","false","","D","منصة بائعين باشتراك شهري بحسب ترويجها؛ موقعها لم يستجب.","https://www.adsmehub.ae/en/explore/post-details/m7l-interview","2026-10-09","","0","","exp10","unreachable","false","D","","","https://m7l.ae/","true","WebSearch: UAE marketplaces","2026-10-09","D","منصة بائعين باشتراك شهري بحسب ترويجها؛ موقعها لم يستجب.","غير مؤكدة","false","true","true","false","false","false","false"
"CHS Community Pharmacy (online)","AE","الإمارات (على مستوى الدولة)","","Online pharmacy (Dubai/AD/Sharjah)","","","independent_multibrand_store","متجر مستقل متعدد العلامات (اتفاق مورد غير مؤكد)","false","","","غير معروف","غير معروف","","غير معروف","","غير معروف","","غير معروف","","غير معروف","","401","false","unreachable","HTTP 401","file_claim_only","true","","D","متجر الصيدلية الأونلاين يطلب مصادقة (401) فلم يُفحص؛ السلسلة نفسها موجودة بدفعة talabat 3.","https://chspharmacy.ae/","2026-10-09","","0","","exp11","unreachable","false","D","","","https://chspharmacy.ae/","true","WebSearch: online pharmacy UAE 2026","2026-10-09","D","متجر الصيدلية الأونلاين يطلب مصادقة (401) فلم يُفحص؛ السلسلة نفسها موجودة بدفعة talabat 3.","غير مؤكدة","false","true","true","false","false","false","false"
"Ahaliamed Online Pharmacy","AE","الإمارات (على مستوى الدولة)","","Online pharmacy (Abu Dhabi, delivery to Northern Emirates)","https://www.ahaliamed.com/","https://www.ahaliamed.com/","independent_multibrand_store","متجر مستقل متعدد العلامات (اتفاق مورد غير مؤكد)","false","","","غير معروف","غير معروف","","غير معروف","","غير معروف","","غير معروف","","غير معروف","Ahaliamed Online Pharmacy UAE - 30 Min Free Home Delivery","200","true","verified_active_uae","الموقع يعمل ويظهر فيه ما يدل على الإمارات","site_active_no_program_page_confirmed","true","","C","صيدلية أونلاين بأبوظبي (توصيل 30 دقيقة بحسب موقعها) — لا صفحة موردين.","https://www.ahaliamed.com/","2026-10-09","","0","","exp11","needs_review","false","C","","","https://www.ahaliamed.com/","true","WebSearch: online pharmacy UAE 2026","2026-10-09","C","صيدلية أونلاين بأبوظبي (توصيل 30 دقيقة بحسب موقعها) — لا صفحة موردين.","اتفاق توريد محتمل","true","false","true","true","true","false","false"
"Soukare","AE","الإمارات (على مستوى الدولة)","","Online pharmacy/health store","https://www.soukare.com/","https://www.soukare.com/","independent_multibrand_store","متجر مستقل متعدد العلامات (اتفاق مورد غير مؤكد)","false","","","غير معروف","غير معروف","","غير معروف","","غير معروف","","غير معروف","","غير معروف","Just a moment...","403","false","protected_not_verified","الموقع يحجب الفحص الآلي (403/429/تحقق أمني) — لم يُتجاوز. الحالة غير مؤكدة","file_claim_only","false","","D","متجر صحة/صيدلية يحجب الفحص (Cloudflare).","https://www.soukare.com/","2026-10-09","","0","","exp11","needs_review","false","D","","","https://www.soukare.com/","true","WebSearch: grabonuae list (name only, domain to verify)","2026-10-09","D","متجر صحة/صيدلية يحجب الفحص (Cloudflare).","غير مؤكدة","false","true","true","false","false","false","false"
"Valeo (Feelvaleo)","AE","الإمارات (على مستوى الدولة)","","Skincare/wellness platform (UAE)","https://feelvaleo.com/en-ae/skin-care","https://feelvaleo.com/en-ae/skin-care","independent_multibrand_store","متجر مستقل متعدد العلامات (اتفاق مورد غير مؤكد)","false","","","غير معروف","غير معروف","","غير معروف","","غير معروف","","غير معروف","","غير معروف","Human Verification","405","true","protected_not_verified","الموقع يحجب الفحص الآلي (403/429/تحقق أمني) — لم يُتجاوز. الحالة غير مؤكدة","file_claim_only","false","","D","منصة عناية/عافية تطلب تحققاً بشرياً (405) — لم يُتجاوز.","https://feelvaleo.com/en-ae/skin-care","2026-10-09","","0","","exp11","needs_review","false","D","","","https://feelvaleo.com/en-ae/skin-care","true","WebSearch: independent boutiques","2026-10-09","D","منصة عناية/عافية تطلب تحققاً بشرياً (405) — لم يُتجاوز.","غير مؤكدة","false","true","true","false","false","false","false"
"Care to Beauty UAE","AE","الإمارات (على مستوى الدولة)","","Online pharmacy-beauty (EU/K skincare) shipping UAE","https://www.caretobeauty.com/ae/","https://www.caretobeauty.com/ae/","independent_multibrand_store","متجر مستقل متعدد العلامات (اتفاق مورد غير مؤكد)","false","","","غير معروف","غير معروف","","غير معروف","","غير معروف","","غير معروف","","غير معروف","Just a moment...","403","true","protected_not_verified","الموقع يحجب الفحص الآلي (403/429/تحقق أمني) — لم يُتجاوز. الحالة غير مؤكدة","file_claim_only","true","","E","متجر دولي يحجب الفحص ويشحن إلى الإمارات؛ لا دليل على كيان إماراتي.","https://www.caretobeauty.com/ae/","2026-10-09","","0","","exp11","needs_review","false","D","","","https://www.caretobeauty.com/ae/","true","WebSearch: independent boutiques","2026-10-09","E","متجر دولي يحجب الفحص ويشحن إلى الإمارات؛ لا دليل على كيان إماراتي.","غير مناسبة","false","false","true","false","false","false","false"
"The Skincare Edit","AE","الإمارات (على مستوى الدولة)","","Curated skincare store (Dubai)","https://www.theskincareedit.ae/","https://www.theskincareedit.ae/","independent_multibrand_store","متجر مستقل متعدد العلامات (اتفاق مورد غير مؤكد)","false","","","غير معروف","غير معروف","","غير معروف","","غير معروف","","غير معروف","","customercare@theskincareedit.ae","Expert-Curated Skincare & Wellness in Dubai | Skincare Edit","200","true","verified_active_uae","الموقع يعمل ويظهر فيه ما يدل على الإمارات","site_active_no_program_page_confirmed","true","","C","متجر عناية منتقاة بدبي (يديره أخصائي عناية) — لا صفحة موردين.","https://www.theskincareedit.ae/","2026-10-09","","0","","exp11","needs_review","false","C","","","https://www.theskincareedit.ae/ | https://www.theskincareedit.ae/products/detox-debloat | https://www.theskincareedit.ae/products/cleansing-oil-rose-geranium-an-apricot | https://www.theskincareedit.ae/collections/vendors?q=Hair%20by%20Sam%20McKnight | https://www.theskincareedit.ae/products/votary-ultimate-light-cream-ceramides-and-peptides-50ml","true","WebSearch: independent boutiques","2026-10-09","C","متجر عناية منتقاة بدبي (يديره أخصائي عناية) — لا صفحة موردين.","اتفاق توريد محتمل","true","false","true","true","true","false","false"
"IBS Beauty","AE","الإمارات (على مستوى الدولة)","","Wholesale cosmetics/haircare/skincare + B2B (Dubai)","https://www.ibsbeauty.ae/","https://www.ibsbeauty.ae/","independent_multibrand_store","متجر مستقل متعدد العلامات (اتفاق مورد غير مؤكد)","false","","","غير معروف","غير معروف","","غير معروف","","غير معروف","","غير معروف","","غير معروف","Beauty and Salon Products Supplier in Dubai | International Beauty Supplies | Cosmetics & Beauty Salon Supplies UAE","200","true","verified_active_uae","الموقع يعمل ويظهر فيه ما يدل على الإمارات","site_active_no_program_page_confirmed","true","","B","موزع/تاجر جملة لمستحضرات وعناية بالشعر والبشرة ومستلزمات صالونات بدبي مع دعم B2B (موقعه) — موجّه للمشترين؛ قبول موردين غير منصوص.","https://www.ibsbeauty.ae/","2026-10-09","اتفاق توزيع محتمل","0","","exp11","needs_review","false","C","","","https://www.ibsbeauty.ae/","true","WebSearch: salon supplies","2026-10-09","B","موزع/تاجر جملة لمستحضرات وعناية بالشعر والبشرة ومستلزمات صالونات بدبي مع دعم B2B (موقعه) — موجّه للمشترين؛ قبول موردين غير منصوص.","اتفاق توزيع محتمل","true","false","true","true","true","false","false"
"B-connected","AE","الإمارات (على مستوى الدولة)","","Wholesale hair/skin + salon supplies (Dubai)","https://www.b-connected.com/","https://www.b-connected.com/","independent_multibrand_store","متجر مستقل متعدد العلامات (اتفاق مورد غير مؤكد)","false","","","غير معروف","غير معروف","","غير معروف","","غير معروف","","غير معروف","","info@b-connected.com","Beauty and Salon Products Supplier in Dubai | Wholesale Beauty Products UAE","200","true","verified_active_uae","الموقع يعمل ويظهر فيه ما يدل على الإمارات","site_active_no_program_page_confirmed","true","","B","تاجر جملة عناية بالشعر والبشرة ومستلزمات صالونات بدبي — موجّه للمشترين.","https://www.b-connected.com/","2026-10-09","اتفاق توزيع محتمل","0","","exp11","needs_review","false","C","","","https://www.b-connected.com/","true","WebSearch: salon supplies","2026-10-09","B","تاجر جملة عناية بالشعر والبشرة ومستلزمات صالونات بدبي — موجّه للمشترين.","اتفاق توزيع محتمل","true","false","true","true","true","false","false"
"TB East","AE","الإمارات (على مستوى الدولة)","","Professional beauty store (salons/clinics)","https://tb-east.com/","https://tb-east.com/","independent_multibrand_store","متجر مستقل متعدد العلامات (اتفاق مورد غير مؤكد)","false","","","غير معروف","غير معروف","","غير معروف","","غير معروف","","غير معروف","","+971 55 402 1707 (صفحة الشراكة)","Professional Beauty & Skincare Store in Dubai, UAE | TB East","200","true","verified_active_uae","الموقع يعمل ويظهر فيه ما يدل على الإمارات","site_active_no_program_page_confirmed","true","","B","متجر/موزع مهني (Timeless Beauty East) لعلامات يمثلها (Tokio Inkarami وغيرها) يخدم الصالونات والعيادات؛ صفحة «partnership» للاهتمام بالعلامات التي يمثلها — قبول علامات جديدة غير منصوص.","https://tb-east.com/partnership","2026-10-09","اتفاق توزيع محتمل","0","","exp11","needs_review","false","C","","","https://tb-east.com/ | https://tb-east.com/partners-salons | https://tb-east.com/partnership","true","WebSearch: salon supplies","2026-10-09","B","متجر/موزع مهني (Timeless Beauty East) لعلامات يمثلها (Tokio Inkarami وغيرها) يخدم الصالونات والعيادات؛ صفحة «partnership» للاهتمام بالعلامات التي يمثلها — قبول علامات جديدة غير منصوص.","اتفاق توزيع محتمل","true","false","true","true","true","false","false"
"Dayjour","AE","الإمارات (عنوان بالشارقة بحسب مصدر ثانوي)","","Hair care + salon furniture (Sharjah address)","https://www.dayjour.net/","https://www.dayjour.net/","direct_seller_registration","تسجيل مباشر كبائع Marketplace","false","https://dayjour.net/sub-sellers/registration","","غير معروف","رخصة تجارية + VAT + IBAN (حقول نموذج التسجيل الرسمي)","https://dayjour.net/sub-sellers/registration","غير معروف","","غير معلن","","غير معروف","","غير معروف","Dayjour- Online Beauty Products and Salon Furniture in UAE","200","true","verified_active_uae","الموقع يعمل ويظهر فيه ما يدل على الإمارات","official_page_fetched","true","","A","صفحة «Seller Registration» رسمية تطلب: رخصة تجارية، رقم VAT، رقم تواصل، عنوان، اسم العلامة، اسم الحساب البنكي وشهادة IBAN؛ الحساب يُفعَّل بعد المراجعة. الفئات والعمولة غير منصوصة. المتجر يبيع منتجات تجميل وعناية بالشعر وأثاث صالونات.","https://dayjour.net/sub-sellers/registration","2026-10-09","تسجيل مباشر","0","","exp11","needs_review","true","B","","","https://www.dayjour.net/ | https://www.dayjour.net/sub-sellers/registration","true","WebSearch: salon supplies","2026-10-09","A","صفحة «Seller Registration» رسمية تطلب: رخصة تجارية، رقم VAT، رقم تواصل، عنوان، اسم العلامة، اسم الحساب البنكي وشهادة IBAN؛ الحساب يُفعَّل بعد المراجعة. الفئات والعمولة غير منصوصة. المتجر يبيع منتجات تجميل وعناية بالشعر وأثاث صالونات.","تسجيل مباشر","true","false","true","true","true","true","false"
"MLC Dubai Cosmetic Wholesale","AE","الإمارات (على مستوى الدولة)","","Beauty wholesale for retailers/salons/distributors","https://mlcdubai.com/","https://mlcdubai.com/","independent_multibrand_store","متجر مستقل متعدد العلامات (اتفاق مورد غير مؤكد)","false","","","غير معروف","غير معروف","","غير معروف","","غير معروف","","غير معروف","","غير معروف","MLC Dubai Cosmetic UAE Wholesale – Premium Skincare & Beauty Products","200","true","verified_active_uae","الموقع يعمل ويظهر فيه ما يدل على الإمارات","site_active_no_program_page_confirmed","true","","B","جملة عناية بالبشرة والشعر للتجار والصالونات والموزعين بالإمارات — موجّه للمشترين.","https://mlcdubai.com/","2026-10-09","اتفاق توزيع محتمل","0","","exp11","needs_review","false","C","","","https://mlcdubai.com/ | https://mlcdubai.com/shop/ | https://mlcdubai.com/affordable-cosmetics-wholesale-uae/#comment-2 | https://mlcdubai.com/product/bonita-himalayan-pink-salt-exfoliating-soap-bar-80g-bulk-order-wholesale/ | https://mlcdubai.com/category/beauty-essentials/","true","WebSearch: salon supplies + B2B","2026-10-09","B","جملة عناية بالبشرة والشعر للتجار والصالونات والموزعين بالإمارات — موجّه للمشترين.","اتفاق توزيع محتمل","true","false","true","true","true","false","false"
"AlbastakiOnline","AE","الإمارات (على مستوى الدولة)","","Wholesaler (Deira) beauty & grooming","https://albastakionline.com/","https://albastakionline.com/","independent_multibrand_store","متجر مستقل متعدد العلامات (اتفاق مورد غير مؤكد)","false","","","غير معروف","غير معروف","","غير معروف","","غير معروف","","غير معروف","","info@albastakionline.com","AlbastakiOnline: Leading Wholesale Supplier in UAE","200","true","verified_active_uae","الموقع يعمل ويظهر فيه ما يدل على الإمارات","site_active_no_program_page_confirmed","true","","B","تاجر جملة بديرة (أدوات وعناية شخصية) — ملاءمة متوسطة.","https://albastakionline.com/","2026-10-09","اتفاق توزيع محتمل","0","","exp11","needs_review","false","D","","","https://albastakionline.com/","true","WebSearch: salon supplies","2026-10-09","B","تاجر جملة بديرة (أدوات وعناية شخصية) — ملاءمة متوسطة.","اتفاق توزيع محتمل","true","false","true","true","true","false","false"
"Al Basel Cosmetics","AE","الإمارات (على مستوى الدولة)","","Wholesale & retail cosmetics (Sharjah)","https://albaselco.com/","https://albaselco.com/","independent_multibrand_store","متجر مستقل متعدد العلامات (اتفاق مورد غير مؤكد)","false","","","غير معروف","غير معروف","","غير معروف","","غير معروف","","غير معروف","","غير معروف","Al Basel Cosmetics – Professional Beauty, Hair & Salon","200","true","verified_active_uae","الموقع يعمل ويظهر فيه ما يدل على الإمارات","site_active_no_program_page_confirmed","true","","B","جملة وتجزئة مستحضرات وعناية بالشعر والبشرة ومستلزمات صالونات (موقعه: توصيل للإمارات والخليج).","https://albaselco.com/","2026-10-09","اتفاق توزيع محتمل","0","","exp11","needs_review","false","C","","","https://albaselco.com/","true","WebSearch: salon supplies","2026-10-09","B","جملة وتجزئة مستحضرات وعناية بالشعر والبشرة ومستلزمات صالونات (موقعه: توصيل للإمارات والخليج).","اتفاق توزيع محتمل","true","false","true","true","true","false","false"
"Doyen Wellness","AE","الإمارات (على مستوى الدولة)","","Salon/spa products supplier (UAE, Sharjah page)","https://doyenwellness.com/salon-products/","https://doyenwellness.com/salon-products/","independent_multibrand_store","متجر مستقل متعدد العلامات (اتفاق مورد غير مؤكد)","false","","","غير معروف","غير معروف","","غير معروف","","غير معروف","","غير معروف","","غير معروف","Salon Products in UAE & GCC | Doyen Wellness","200","true","verified_active_uae","الموقع يعمل ويظهر فيه ما يدل على الإمارات","site_active_no_program_page_confirmed","false","","B","مورّد منتجات صالونات وسبا بالإمارات والخليج.","https://doyenwellness.com/salon-products/","2026-10-09","اتفاق توزيع محتمل","0","","exp11","needs_review","false","D","","","https://doyenwellness.com/salon-products/","true","WebSearch: salon supplies","2026-10-09","B","مورّد منتجات صالونات وسبا بالإمارات والخليج.","اتفاق توزيع محتمل","true","false","true","true","true","false","false"
"SpaWorld UAE","AE","الإمارات (على مستوى الدولة)","","Spa products supplier","https://spaworlduae.com/","https://spaworlduae.com/","independent_multibrand_store","متجر مستقل متعدد العلامات (اتفاق مورد غير مؤكد)","false","","","غير معروف","غير معروف","","غير معروف","","غير معروف","","غير معروف","","غير معروف","Spa, Salon & Hotel Products in UAE | Trusted Supplier","200","true","verified_active_uae","الموقع يعمل ويظهر فيه ما يدل على الإمارات","site_active_no_program_page_confirmed","false","","B","مورّد منتجات سبا وصالونات وفنادق — ملاءمة ضعيفة لعلامة عناية استهلاكية.","https://spaworlduae.com/","2026-10-09","اتفاق توزيع محتمل","0","","exp11","needs_review","false","D","","","https://spaworlduae.com/","true","WebSearch: salon supplies","2026-10-09","B","مورّد منتجات سبا وصالونات وفنادق — ملاءمة ضعيفة لعلامة عناية استهلاكية.","اتفاق توزيع محتمل","true","false","true","true","true","false","false"
"Abraa","AE","الإمارات (على مستوى الدولة)","","B2B wholesale marketplace (Dubai)","https://www.abraa.com/","https://www.abraa.com/","independent_multibrand_store","متجر مستقل متعدد العلامات (اتفاق مورد غير مؤكد)","false","","","غير معروف","غير معروف","","غير معروف","","غير معروف","","غير معروف","","غير معروف","Just a moment...","403","false","protected_not_verified","الموقع يحجب الفحص الآلي (403/429/تحقق أمني) — لم يُتجاوز. الحالة غير مؤكدة","file_claim_only","false","","D","سوق B2B للجملة بدبي يحجب الفحص (Cloudflare) — مسار البائعين غير متحقق.","https://www.abraa.com/","2026-10-09","غير مؤكدة (سوق B2B محتمل)","0","","exp11","needs_review","false","C","","","https://www.abraa.com/","true","WebSearch: UAE B2B wholesale","2026-10-09","D","سوق B2B للجملة بدبي يحجب الفحص (Cloudflare) — مسار البائعين غير متحقق.","غير مؤكدة (سوق B2B محتمل)","false","true","true","false","false","false","false"
"Dubai Wholesale Store","AE","الإمارات (على مستوى الدولة)","","K-beauty wholesaler (MOQ 20 pcs)","https://www.dubaiwholesalestore.com/","https://www.dubaiwholesalestore.com/","independent_multibrand_store","متجر مستقل متعدد العلامات (اتفاق مورد غير مؤكد)","false","","","غير معروف","غير معروف","","غير معروف","","غير معروف","","غير معروف","","غير معروف","Dubai Wholesale Store | Korean Skin & Cosmetic Product Supplier","200","true","verified_active_uae","الموقع يعمل ويظهر فيه ما يدل على الإمارات","site_active_no_program_page_confirmed","true","","B","تاجر جملة B2B لمستحضرات كورية (حد أدنى 20 قطعة بحسب مصدر ثانوي) — تخصص كوري.","https://www.dubaiwholesalestore.com/","2026-10-09","اتفاق توزيع محتمل","0","","exp11","needs_review","false","D","","","https://www.dubaiwholesalestore.com/ | https://www.dubaiwholesalestore.com/collections/someby-mi","true","WebSearch: UAE B2B wholesale","2026-10-09","B","تاجر جملة B2B لمستحضرات كورية (حد أدنى 20 قطعة بحسب مصدر ثانوي) — تخصص كوري.","اتفاق توزيع محتمل","true","false","true","true","true","false","false"
"I Serena Trading","AE","الإمارات (على مستوى الدولة)","","Wholesale beauty/skin/hair (MOQ 1000 AED)","https://i-serena.com/wholesale/","https://i-serena.com/wholesale/","independent_multibrand_store","متجر مستقل متعدد العلامات (اتفاق مورد غير مؤكد)","false","","","غير معروف","غير معروف","","غير معروف","","غير معروف","","غير معروف","","غير معروف","Wholesale Beauty, Skin, and Hair Care Products - I Serena","200","true","verified_active_uae","الموقع يعمل ويظهر فيه ما يدل على الإمارات","site_active_no_program_page_confirmed","true","","B","جملة عناية بالبشرة والشعر (علامات كورية) — موجّه للمشترين.","https://i-serena.com/wholesale/","2026-10-09","اتفاق توزيع محتمل","0","","exp11","needs_review","false","D","","","https://i-serena.com/wholesale/ | https://i-serena.com/wholesale-anua/ | https://i-serena.com/wholesale-axis-y/ | https://i-serena.com/wholesale-beauty-of-joseon/","true","WebSearch: UAE B2B wholesale","2026-10-09","B","جملة عناية بالبشرة والشعر (علامات كورية) — موجّه للمشترين.","اتفاق توزيع محتمل","true","false","true","true","true","false","false"
"HMSN Boutique Trading","AE","الإمارات (على مستوى الدولة)","","Wholesale cosmetic trading (UAE)","https://hmsnboutiquetrading.com/service-detail/wholesale-of-cosmetics-and-trading","https://hmsnboutiquetrading.com/service-detail/wholesale-of-cosmetics-and-trading","independent_multibrand_store","متجر مستقل متعدد العلامات (اتفاق مورد غير مؤكد)","false","","","غير معروف","غير معروف","","غير معروف","","غير معروف","","غير معروف","","info@hmsnboutiquetrading.com","Wholesale Cosmetic Trading Company in UAE | HMSN Trading","200","true","verified_active_uae","الموقع يعمل ويظهر فيه ما يدل على الإمارات","site_active_no_program_page_confirmed","true","","B","شركة تجارة جملة مستحضرات بالإمارات بحسب موقعها.","https://hmsnboutiquetrading.com/service-detail/wholesale-of-cosmetics-and-trading","2026-10-09","اتفاق توزيع محتمل","0","","exp11","needs_review","false","D","","","https://hmsnboutiquetrading.com/service-detail/wholesale-of-cosmetics-and-trading | https://hmsnboutiquetrading.com/service-detail/wholesale-of-men-ready-made-clothes-trading | https://hmsnboutiquetrading.com/service-detail/wholesale-of-children-ready-made-clothes-trading | https://hmsnboutiquetrading.com/service-detail/wholesale-of-textiles-and-clothes-trading","true","WebSearch: UAE B2B wholesale","2026-10-09","B","شركة تجارة جملة مستحضرات بالإمارات بحسب موقعها.","اتفاق توزيع محتمل","true","false","true","true","true","false","false"